date,PHU,ageGrp,population,doses
2021-07-27,ALGOMA DISTRICT,12-17yrs,6504,46
2021-07-27,BRANT COUNTY,12-17yrs,10734,107
2021-07-27,CHATHAM-KENT,12-17yrs,7233,60
2021-07-27,CITY OF HAMILTON,12-17yrs,37018,546
2021-07-27,CITY OF OTTAWA,12-17yrs,66222,1357
2021-07-27,DURHAM REGION,12-17yrs,51038,1864
2021-07-27,EASTERN ONTARIO,12-17yrs,13423,268
2021-07-27,GREY BRUCE,12-17yrs,10179,105
2021-07-27,HALDIMAND-NORFOLK,12-17yrs,7138,181
2021-07-27,HALIBURTON KAWARTHA PINE RIDGE,12-17yrs,10093,189
2021-07-27,HALTON REGION,12-17yrs,49248,907
2021-07-27,HASTINGS & PRINCE EDWARD COUNTIES,12-17yrs,9953,95
2021-07-27,HURON PERTH,12-17yrs,9790,496
2021-07-27,KINGSTON FRONTENAC LENNOX & ADDINGTON,12-17yrs,11803,166
2021-07-27,LAMBTON COUNTY,12-17yrs,8280,130
2021-07-27,LEEDS GRENVILLE AND LANARK DISTRICT,12-17yrs,10477,91
2021-07-27,MIDDLESEX-LONDON,12-17yrs,31735,695
2021-07-27,NIAGARA REGION,12-17yrs,28353,331
2021-07-27,NORTH BAY PARRY SOUND DISTRICT,12-17yrs,7244,17
2021-07-27,NORTHWESTERN,12-17yrs,6670,196
2021-07-27,PEEL REGION,12-17yrs,118974,1316
2021-07-27,PETERBOROUGH COUNTY-CITY,12-17yrs,8041,204
2021-07-27,PORCUPINE,12-17yrs,5754,75
2021-07-27,RENFREW COUNTY AND DISTRICT,12-17yrs,6329,41
2021-07-27,SIMCOE MUSKOKA DISTRICT,12-17yrs,37614,509
2021-07-27,SOUTHWESTERN,12-17yrs,15337,245
2021-07-27,SUDBURY AND DISTRICT,12-17yrs,11889,84
2021-07-27,THUNDER BAY DISTRICT,12-17yrs,9043,264
2021-07-27,TIMISKAMING,12-17yrs,1897,2
2021-07-27,TORONTO,12-17yrs,162546,1403
2021-07-27,WATERLOO REGION,12-17yrs,40049,602
2021-07-27,WELLINGTON-DUFFERIN-GUELPH,12-17yrs,21168,570
2021-07-27,WINDSOR-ESSEX COUNTY,12-17yrs,29770,209
2021-07-27,YORK REGION,12-17yrs,89973,955
2021-07-27,ALGOMA DISTRICT,18-29yrs,15509,86
2021-07-27,BRANT COUNTY,18-29yrs,24059,199
2021-07-27,CHATHAM-KENT,18-29yrs,14984,12
2021-07-27,CITY OF HAMILTON,18-29yrs,100237,828
2021-07-27,CITY OF OTTAWA,18-29yrs,186587,1479
2021-07-27,DURHAM REGION,18-29yrs,114063,1242
2021-07-27,EASTERN ONTARIO,18-29yrs,27830,252
2021-07-27,GREY BRUCE,18-29yrs,22126,203
2021-07-27,HALDIMAND-NORFOLK,18-29yrs,15900,112
2021-07-27,HALIBURTON KAWARTHA PINE RIDGE,18-29yrs,22520,217
2021-07-27,HALTON REGION,18-29yrs,95648,1099
2021-07-27,HASTINGS & PRINCE EDWARD COUNTIES,18-29yrs,22375,192
2021-07-27,HURON PERTH,18-29yrs,20393,439
2021-07-27,KINGSTON FRONTENAC LENNOX & ADDINGTON,18-29yrs,34068,203
2021-07-27,LAMBTON COUNTY,18-29yrs,18558,444
2021-07-27,LEEDS GRENVILLE AND LANARK DISTRICT,18-29yrs,21695,162
2021-07-27,MIDDLESEX-LONDON,18-29yrs,88180,878
2021-07-27,NIAGARA REGION,18-29yrs,70592,695
2021-07-27,NORTH BAY PARRY SOUND DISTRICT,18-29yrs,17552,112
2021-07-27,NORTHWESTERN,18-29yrs,13990,129
2021-07-27,PEEL REGION,18-29yrs,278974,2616
2021-07-27,PETERBOROUGH COUNTY-CITY,18-29yrs,21688,256
2021-07-27,PORCUPINE,18-29yrs,12232,73
2021-07-27,RENFREW COUNTY AND DISTRICT,18-29yrs,14861,46
2021-07-27,SIMCOE MUSKOKA DISTRICT,18-29yrs,87904,854
2021-07-27,SOUTHWESTERN,18-29yrs,30393,347
2021-07-27,SUDBURY AND DISTRICT,18-29yrs,29436,121
2021-07-27,THUNDER BAY DISTRICT,18-29yrs,22251,270
2021-07-27,TIMISKAMING,18-29yrs,4360,2
2021-07-27,TORONTO,18-29yrs,585930,3457
2021-07-27,WATERLOO REGION,18-29yrs,99244,1200
2021-07-27,WELLINGTON-DUFFERIN-GUELPH,18-29yrs,50230,725
2021-07-27,WINDSOR-ESSEX COUNTY,18-29yrs,72405,379
2021-07-27,YORK REGION,18-29yrs,198762,1130
2021-07-27,ALGOMA DISTRICT,30-39yrs,12062,45
2021-07-27,BRANT COUNTY,30-39yrs,19698,147
2021-07-27,CHATHAM-KENT,30-39yrs,11594,48
2021-07-27,CITY OF HAMILTON,30-39yrs,84056,690
2021-07-27,CITY OF OTTAWA,30-39yrs,158259,1159
2021-07-27,DURHAM REGION,30-39yrs,93632,998
2021-07-27,EASTERN ONTARIO,30-39yrs,21920,206
2021-07-27,GREY BRUCE,30-39yrs,17931,152
2021-07-27,HALDIMAND-NORFOLK,30-39yrs,11852,74
2021-07-27,HALIBURTON KAWARTHA PINE RIDGE,30-39yrs,17429,145
2021-07-27,HALTON REGION,30-39yrs,80648,962
2021-07-27,HASTINGS & PRINCE EDWARD COUNTIES,30-39yrs,17863,154
2021-07-27,HURON PERTH,30-39yrs,14728,311
2021-07-27,KINGSTON FRONTENAC LENNOX & ADDINGTON,30-39yrs,29909,138
2021-07-27,LAMBTON COUNTY,30-39yrs,14493,316
2021-07-27,LEEDS GRENVILLE AND LANARK DISTRICT,30-39yrs,16449,117
2021-07-27,MIDDLESEX-LONDON,30-39yrs,73436,680
2021-07-27,NIAGARA REGION,30-39yrs,54175,469
2021-07-27,NORTH BAY PARRY SOUND DISTRICT,30-39yrs,14543,61
2021-07-27,NORTHWESTERN,30-39yrs,9958,62
2021-07-27,PEEL REGION,30-39yrs,235513,1630
2021-07-27,PETERBOROUGH COUNTY-CITY,30-39yrs,18338,163
2021-07-27,PORCUPINE,30-39yrs,9754,40
2021-07-27,RENFREW COUNTY AND DISTRICT,30-39yrs,13489,31
2021-07-27,SIMCOE MUSKOKA DISTRICT,30-39yrs,74380,680
2021-07-27,SOUTHWESTERN,30-39yrs,24409,354
2021-07-27,SUDBURY AND DISTRICT,30-39yrs,24368,82
2021-07-27,THUNDER BAY DISTRICT,30-39yrs,18511,195
2021-07-27,TIMISKAMING,30-39yrs,3297,9
2021-07-27,TORONTO,30-39yrs,528595,2702
2021-07-27,WATERLOO REGION,30-39yrs,84990,801
2021-07-27,WELLINGTON-DUFFERIN-GUELPH,30-39yrs,42188,544
2021-07-27,WINDSOR-ESSEX COUNTY,30-39yrs,48477,234
2021-07-27,YORK REGION,30-39yrs,155115,820
2021-07-27,ALGOMA DISTRICT,40-49yrs,11665,58
2021-07-27,BRANT COUNTY,40-49yrs,18896,154
2021-07-27,CHATHAM-KENT,40-49yrs,11350,53
2021-07-27,CITY OF HAMILTON,40-49yrs,71673,571
2021-07-27,CITY OF OTTAWA,40-49yrs,134815,839
2021-07-27,DURHAM REGION,40-49yrs,93719,865
2021-07-27,EASTERN ONTARIO,40-49yrs,23559,206
2021-07-27,GREY BRUCE,40-49yrs,16555,120
2021-07-27,HALDIMAND-NORFOLK,40-49yrs,11715,83
2021-07-27,HALIBURTON KAWARTHA PINE RIDGE,40-49yrs,17924,144
2021-07-27,HALTON REGION,40-49yrs,88209,1166
2021-07-27,HASTINGS & PRINCE EDWARD COUNTIES,40-49yrs,17924,176
2021-07-27,HURON PERTH,40-49yrs,14709,312
2021-07-27,KINGSTON FRONTENAC LENNOX & ADDINGTON,40-49yrs,24416,134
2021-07-27,LAMBTON COUNTY,40-49yrs,13713,275
2021-07-27,LEEDS GRENVILLE AND LANARK DISTRICT,40-49yrs,18360,126
2021-07-27,MIDDLESEX-LONDON,40-49yrs,59863,512
2021-07-27,NIAGARA REGION,40-49yrs,52093,370
2021-07-27,NORTH BAY PARRY SOUND DISTRICT,40-49yrs,13844,75
2021-07-27,NORTHWESTERN,40-49yrs,9699,64
2021-07-27,PEEL REGION,40-49yrs,220945,1397
2021-07-27,PETERBOROUGH COUNTY-CITY,40-49yrs,14923,144
2021-07-27,PORCUPINE,40-49yrs,9835,46
2021-07-27,RENFREW COUNTY AND DISTRICT,40-49yrs,11851,27
2021-07-27,SIMCOE MUSKOKA DISTRICT,40-49yrs,72346,626
2021-07-27,SOUTHWESTERN,40-49yrs,25213,295
2021-07-27,SUDBURY AND DISTRICT,40-49yrs,23893,89
2021-07-27,THUNDER BAY DISTRICT,40-49yrs,17224,183
2021-07-27,TIMISKAMING,40-49yrs,3499,7
2021-07-27,TORONTO,40-49yrs,423307,1978
2021-07-27,WATERLOO REGION,40-49yrs,76587,638
2021-07-27,WELLINGTON-DUFFERIN-GUELPH,40-49yrs,38968,450
2021-07-27,WINDSOR-ESSEX COUNTY,40-49yrs,50811,207
2021-07-27,YORK REGION,40-49yrs,162480,872
2021-07-27,ALGOMA DISTRICT,50-59yrs,16446,82
2021-07-27,BRANT COUNTY,50-59yrs,21321,104
2021-07-27,CHATHAM-KENT,50-59yrs,15450,45
2021-07-27,CITY OF HAMILTON,50-59yrs,80704,585
2021-07-27,CITY OF OTTAWA,50-59yrs,139786,690
2021-07-27,DURHAM REGION,50-59yrs,104381,738
2021-07-27,EASTERN ONTARIO,50-59yrs,32885,230
2021-07-27,GREY BRUCE,50-59yrs,24279,139
2021-07-27,HALDIMAND-NORFOLK,50-59yrs,17361,108
2021-07-27,HALIBURTON KAWARTHA PINE RIDGE,50-59yrs,30845,218
2021-07-27,HALTON REGION,50-59yrs,85689,970
2021-07-27,HASTINGS & PRINCE EDWARD COUNTIES,50-59yrs,26066,270
2021-07-27,HURON PERTH,50-59yrs,19413,288
2021-07-27,KINGSTON FRONTENAC LENNOX & ADDINGTON,50-59yrs,29814,130
2021-07-27,LAMBTON COUNTY,50-59yrs,18136,223
2021-07-27,LEEDS GRENVILLE AND LANARK DISTRICT,50-59yrs,28235,110
2021-07-27,MIDDLESEX-LONDON,50-59yrs,66854,433
2021-07-27,NIAGARA REGION,50-59yrs,70296,440
2021-07-27,NORTH BAY PARRY SOUND DISTRICT,50-59yrs,20038,94
2021-07-27,NORTHWESTERN,50-59yrs,11842,63
2021-07-27,PEEL REGION,50-59yrs,217659,1102
2021-07-27,PETERBOROUGH COUNTY-CITY,50-59yrs,20821,154
2021-07-27,PORCUPINE,50-59yrs,11988,64
2021-07-27,RENFREW COUNTY AND DISTRICT,50-59yrs,15489,48
2021-07-27,SIMCOE MUSKOKA DISTRICT,50-59yrs,92219,691
2021-07-27,SOUTHWESTERN,50-59yrs,29933,316
2021-07-27,SUDBURY AND DISTRICT,50-59yrs,28981,97
2021-07-27,THUNDER BAY DISTRICT,50-59yrs,20955,192
2021-07-27,TIMISKAMING,50-59yrs,4828,7
2021-07-27,TORONTO,50-59yrs,394894,1878
2021-07-27,WATERLOO REGION,50-59yrs,78016,563
2021-07-27,WELLINGTON-DUFFERIN-GUELPH,50-59yrs,44023,379
2021-07-27,WINDSOR-ESSEX COUNTY,50-59yrs,60800,278
2021-07-27,YORK REGION,50-59yrs,180487,932
2021-07-27,ALGOMA DISTRICT,60-69yrs,18604,54
2021-07-27,BRANT COUNTY,60-69yrs,19812,99
2021-07-27,CHATHAM-KENT,60-69yrs,15770,88
2021-07-27,CITY OF HAMILTON,60-69yrs,72258,396
2021-07-27,CITY OF OTTAWA,60-69yrs,118913,410
2021-07-27,DURHAM REGION,60-69yrs,83972,476
2021-07-27,EASTERN ONTARIO,60-69yrs,31360,214
2021-07-27,GREY BRUCE,60-69yrs,27440,117
2021-07-27,HALDIMAND-NORFOLK,60-69yrs,18117,76
2021-07-27,HALIBURTON KAWARTHA PINE RIDGE,60-69yrs,32828,207
2021-07-27,HALTON REGION,60-69yrs,64619,386
2021-07-27,HASTINGS & PRINCE EDWARD COUNTIES,60-69yrs,26203,277
2021-07-27,HURON PERTH,60-69yrs,19835,259
2021-07-27,KINGSTON FRONTENAC LENNOX & ADDINGTON,60-69yrs,28261,127
2021-07-27,LAMBTON COUNTY,60-69yrs,20502,200
2021-07-27,LEEDS GRENVILLE AND LANARK DISTRICT,60-69yrs,28428,136
2021-07-27,MIDDLESEX-LONDON,60-69yrs,60813,322
2021-07-27,NIAGARA REGION,60-69yrs,66878,436
2021-07-27,NORTH BAY PARRY SOUND DISTRICT,60-69yrs,20502,102
2021-07-27,NORTHWESTERN,60-69yrs,11530,35
2021-07-27,PEEL REGION,60-69yrs,167934,780
2021-07-27,PETERBOROUGH COUNTY-CITY,60-69yrs,22051,123
2021-07-27,PORCUPINE,60-69yrs,12077,21
2021-07-27,RENFREW COUNTY AND DISTRICT,60-69yrs,15644,21
2021-07-27,SIMCOE MUSKOKA DISTRICT,60-69yrs,79793,614
2021-07-27,SOUTHWESTERN,60-69yrs,27383,173
2021-07-27,SUDBURY AND DISTRICT,60-69yrs,28512,57
2021-07-27,THUNDER BAY DISTRICT,60-69yrs,22248,161
2021-07-27,TIMISKAMING,60-69yrs,5410,13
2021-07-27,TORONTO,60-69yrs,327676,1517
2021-07-27,WATERLOO REGION,60-69yrs,64550,417
2021-07-27,WELLINGTON-DUFFERIN-GUELPH,60-69yrs,37194,226
2021-07-27,WINDSOR-ESSEX COUNTY,60-69yrs,54082,161
2021-07-27,YORK REGION,60-69yrs,143847,604
2021-07-27,ALGOMA DISTRICT,70-79yrs,12699,10
2021-07-27,BRANT COUNTY,70-79yrs,12716,30
2021-07-27,CHATHAM-KENT,70-79yrs,10558,40
2021-07-27,CITY OF HAMILTON,70-79yrs,45295,276
2021-07-27,CITY OF OTTAWA,70-79yrs,75781,208
2021-07-27,DURHAM REGION,70-79yrs,50080,224
2021-07-27,EASTERN ONTARIO,70-79yrs,20776,149
2021-07-27,GREY BRUCE,70-79yrs,19403,41
2021-07-27,HALDIMAND-NORFOLK,70-79yrs,11809,13
2021-07-27,HALIBURTON KAWARTHA PINE RIDGE,70-79yrs,24747,134
2021-07-27,HALTON REGION,70-79yrs,43839,250
2021-07-27,HASTINGS & PRINCE EDWARD COUNTIES,70-79yrs,18608,183
2021-07-27,HURON PERTH,70-79yrs,13697,65
2021-07-27,KINGSTON FRONTENAC LENNOX & ADDINGTON,70-79yrs,19981,72
2021-07-27,LAMBTON COUNTY,70-79yrs,13758,81
2021-07-27,LEEDS GRENVILLE AND LANARK DISTRICT,70-79yrs,20048,99
2021-07-27,MIDDLESEX-LONDON,70-79yrs,40094,184
2021-07-27,NIAGARA REGION,70-79yrs,48175,341
2021-07-27,NORTH BAY PARRY SOUND DISTRICT,70-79yrs,14235,33
2021-07-27,NORTHWESTERN,70-79yrs,6718,17
2021-07-27,PEEL REGION,70-79yrs,102369,353
2021-07-27,PETERBOROUGH COUNTY-CITY,70-79yrs,15695,78
2021-07-27,PORCUPINE,70-79yrs,6754,25
2021-07-27,RENFREW COUNTY AND DISTRICT,70-79yrs,10814,8
2021-07-27,SIMCOE MUSKOKA DISTRICT,70-79yrs,54104,277
2021-07-27,SOUTHWESTERN,70-79yrs,18637,134
2021-07-27,SUDBURY AND DISTRICT,70-79yrs,18552,34
2021-07-27,THUNDER BAY DISTRICT,70-79yrs,13660,63
2021-07-27,TIMISKAMING,70-79yrs,3541,0
2021-07-27,TORONTO,70-79yrs,202795,1022
2021-07-27,WATERLOO REGION,70-79yrs,40380,268
2021-07-27,WELLINGTON-DUFFERIN-GUELPH,70-79yrs,23504,81
2021-07-27,WINDSOR-ESSEX COUNTY,70-79yrs,35970,65
2021-07-27,YORK REGION,70-79yrs,90111,285
2021-07-27,ALGOMA DISTRICT,80+,7929,7
2021-07-27,BRANT COUNTY,80+,7044,5
2021-07-27,CHATHAM-KENT,80+,6269,4
2021-07-27,CITY OF HAMILTON,80+,28319,76
2021-07-27,CITY OF OTTAWA,80+,42388,89
2021-07-27,DURHAM REGION,80+,26420,63
2021-07-27,EASTERN ONTARIO,80+,11219,42
2021-07-27,GREY BRUCE,80+,11147,13
2021-07-27,HALDIMAND-NORFOLK,80+,6382,3
2021-07-27,HALIBURTON KAWARTHA PINE RIDGE,80+,14112,21
2021-07-27,HALTON REGION,80+,25542,44
2021-07-27,HASTINGS & PRINCE EDWARD COUNTIES,80+,10614,58
2021-07-27,HURON PERTH,80+,8279,16
2021-07-27,KINGSTON FRONTENAC LENNOX & ADDINGTON,80+,11314,32
2021-07-27,LAMBTON COUNTY,80+,8068,17
2021-07-27,LEEDS GRENVILLE AND LANARK DISTRICT,80+,10669,40
2021-07-27,MIDDLESEX-LONDON,80+,23219,51
2021-07-27,NIAGARA REGION,80+,29120,106
2021-07-27,NORTH BAY PARRY SOUND DISTRICT,80+,7885,14
2021-07-27,NORTHWESTERN,80+,3618,4
2021-07-27,PEEL REGION,80+,50535,117
2021-07-27,PETERBOROUGH COUNTY-CITY,80+,9476,25
2021-07-27,PORCUPINE,80+,3632,4
2021-07-27,RENFREW COUNTY AND DISTRICT,80+,6453,3
2021-07-27,SIMCOE MUSKOKA DISTRICT,80+,30142,71
2021-07-27,SOUTHWESTERN,80+,10908,58
2021-07-27,SUDBURY AND DISTRICT,80+,10028,20
2021-07-27,THUNDER BAY DISTRICT,80+,7894,13
2021-07-27,TIMISKAMING,80+,1974,0
2021-07-27,TORONTO,80+,144579,412
2021-07-27,WATERLOO REGION,80+,22488,61
2021-07-27,WELLINGTON-DUFFERIN-GUELPH,80+,12749,15
2021-07-27,WINDSOR-ESSEX COUNTY,80+,20462,31
2021-07-27,YORK REGION,80+,48390,87
2021-07-28,ALGOMA DISTRICT,12-17yrs,6504,200
2021-07-28,BRANT COUNTY,12-17yrs,10734,363
2021-07-28,CHATHAM-KENT,12-17yrs,7233,12
2021-07-28,CITY OF HAMILTON,12-17yrs,37018,448
2021-07-28,CITY OF OTTAWA,12-17yrs,66222,875
2021-07-28,DURHAM REGION,12-17yrs,51038,1430
2021-07-28,EASTERN ONTARIO,12-17yrs,13423,306
2021-07-28,GREY BRUCE,12-17yrs,10179,122
2021-07-28,HALDIMAND-NORFOLK,12-17yrs,7138,58
2021-07-28,HALIBURTON KAWARTHA PINE RIDGE,12-17yrs,10093,135
2021-07-28,HALTON REGION,12-17yrs,49248,913
2021-07-28,HASTINGS & PRINCE EDWARD COUNTIES,12-17yrs,9953,108
2021-07-28,HURON PERTH,12-17yrs,9790,557
2021-07-28,KINGSTON FRONTENAC LENNOX & ADDINGTON,12-17yrs,11803,405
2021-07-28,LAMBTON COUNTY,12-17yrs,8280,177
2021-07-28,LEEDS GRENVILLE AND LANARK DISTRICT,12-17yrs,10477,210
2021-07-28,MIDDLESEX-LONDON,12-17yrs,31735,782
2021-07-28,NIAGARA REGION,12-17yrs,28353,277
2021-07-28,NORTH BAY PARRY SOUND DISTRICT,12-17yrs,7244,44
2021-07-28,NORTHWESTERN,12-17yrs,6670,246
2021-07-28,PEEL REGION,12-17yrs,118974,1206
2021-07-28,PETERBOROUGH COUNTY-CITY,12-17yrs,8041,100
2021-07-28,PORCUPINE,12-17yrs,5754,81
2021-07-28,RENFREW COUNTY AND DISTRICT,12-17yrs,6329,113
2021-07-28,SIMCOE MUSKOKA DISTRICT,12-17yrs,37614,542
2021-07-28,SOUTHWESTERN,12-17yrs,15337,269
2021-07-28,SUDBURY AND DISTRICT,12-17yrs,11889,330
2021-07-28,THUNDER BAY DISTRICT,12-17yrs,9043,195
2021-07-28,TIMISKAMING,12-17yrs,1897,73
2021-07-28,TORONTO,12-17yrs,162546,1417
2021-07-28,WATERLOO REGION,12-17yrs,40049,625
2021-07-28,WELLINGTON-DUFFERIN-GUELPH,12-17yrs,21168,530
2021-07-28,WINDSOR-ESSEX COUNTY,12-17yrs,29770,377
2021-07-28,YORK REGION,12-17yrs,89973,922
2021-07-28,ALGOMA DISTRICT,18-29yrs,15509,166
2021-07-28,BRANT COUNTY,18-29yrs,24059,260
2021-07-28,CHATHAM-KENT,18-29yrs,14984,82
2021-07-28,CITY OF HAMILTON,18-29yrs,100237,676
2021-07-28,CITY OF OTTAWA,18-29yrs,186587,1282
2021-07-28,DURHAM REGION,18-29yrs,114063,1245
2021-07-28,EASTERN ONTARIO,18-29yrs,27830,577
2021-07-28,GREY BRUCE,18-29yrs,22126,161
2021-07-28,HALDIMAND-NORFOLK,18-29yrs,15900,99
2021-07-28,HALIBURTON KAWARTHA PINE RIDGE,18-29yrs,22520,225
2021-07-28,HALTON REGION,18-29yrs,95648,1300
2021-07-28,HASTINGS & PRINCE EDWARD COUNTIES,18-29yrs,22375,219
2021-07-28,HURON PERTH,18-29yrs,20393,463
2021-07-28,KINGSTON FRONTENAC LENNOX & ADDINGTON,18-29yrs,34068,386
2021-07-28,LAMBTON COUNTY,18-29yrs,18558,225
2021-07-28,LEEDS GRENVILLE AND LANARK DISTRICT,18-29yrs,21695,294
2021-07-28,MIDDLESEX-LONDON,18-29yrs,88180,992
2021-07-28,NIAGARA REGION,18-29yrs,70592,491
2021-07-28,NORTH BAY PARRY SOUND DISTRICT,18-29yrs,17552,92
2021-07-28,NORTHWESTERN,18-29yrs,13990,92
2021-07-28,PEEL REGION,18-29yrs,278974,2326
2021-07-28,PETERBOROUGH COUNTY-CITY,18-29yrs,21688,151
2021-07-28,PORCUPINE,18-29yrs,12232,65
2021-07-28,RENFREW COUNTY AND DISTRICT,18-29yrs,14861,131
2021-07-28,SIMCOE MUSKOKA DISTRICT,18-29yrs,87904,857
2021-07-28,SOUTHWESTERN,18-29yrs,30393,321
2021-07-28,SUDBURY AND DISTRICT,18-29yrs,29436,320
2021-07-28,THUNDER BAY DISTRICT,18-29yrs,22251,220
2021-07-28,TIMISKAMING,18-29yrs,4360,50
2021-07-28,TORONTO,18-29yrs,585930,3217
2021-07-28,WATERLOO REGION,18-29yrs,99244,1206
2021-07-28,WELLINGTON-DUFFERIN-GUELPH,18-29yrs,50230,697
2021-07-28,WINDSOR-ESSEX COUNTY,18-29yrs,72405,566
2021-07-28,YORK REGION,18-29yrs,198762,1066
2021-07-28,ALGOMA DISTRICT,30-39yrs,12062,160
2021-07-28,BRANT COUNTY,30-39yrs,19698,177
2021-07-28,CHATHAM-KENT,30-39yrs,11594,57
2021-07-28,CITY OF HAMILTON,30-39yrs,84056,526
2021-07-28,CITY OF OTTAWA,30-39yrs,158259,1005
2021-07-28,DURHAM REGION,30-39yrs,93632,1090
2021-07-28,EASTERN ONTARIO,30-39yrs,21920,476
2021-07-28,GREY BRUCE,30-39yrs,17931,135
2021-07-28,HALDIMAND-NORFOLK,30-39yrs,11852,82
2021-07-28,HALIBURTON KAWARTHA PINE RIDGE,30-39yrs,17429,193
2021-07-28,HALTON REGION,30-39yrs,80648,1193
2021-07-28,HASTINGS & PRINCE EDWARD COUNTIES,30-39yrs,17863,154
2021-07-28,HURON PERTH,30-39yrs,14728,369
2021-07-28,KINGSTON FRONTENAC LENNOX & ADDINGTON,30-39yrs,29909,266
2021-07-28,LAMBTON COUNTY,30-39yrs,14493,163
2021-07-28,LEEDS GRENVILLE AND LANARK DISTRICT,30-39yrs,16449,224
2021-07-28,MIDDLESEX-LONDON,30-39yrs,73436,609
2021-07-28,NIAGARA REGION,30-39yrs,54175,346
2021-07-28,NORTH BAY PARRY SOUND DISTRICT,30-39yrs,14543,79
2021-07-28,NORTHWESTERN,30-39yrs,9958,54
2021-07-28,PEEL REGION,30-39yrs,235513,1477
2021-07-28,PETERBOROUGH COUNTY-CITY,30-39yrs,18338,99
2021-07-28,PORCUPINE,30-39yrs,9754,50
2021-07-28,RENFREW COUNTY AND DISTRICT,30-39yrs,13489,113
2021-07-28,SIMCOE MUSKOKA DISTRICT,30-39yrs,74380,726
2021-07-28,SOUTHWESTERN,30-39yrs,24409,301
2021-07-28,SUDBURY AND DISTRICT,30-39yrs,24368,265
2021-07-28,THUNDER BAY DISTRICT,30-39yrs,18511,143
2021-07-28,TIMISKAMING,30-39yrs,3297,56
2021-07-28,TORONTO,30-39yrs,528595,2480
2021-07-28,WATERLOO REGION,30-39yrs,84990,808
2021-07-28,WELLINGTON-DUFFERIN-GUELPH,30-39yrs,42188,563
2021-07-28,WINDSOR-ESSEX COUNTY,30-39yrs,48477,410
2021-07-28,YORK REGION,30-39yrs,155115,802
2021-07-28,ALGOMA DISTRICT,40-49yrs,11665,142
2021-07-28,BRANT COUNTY,40-49yrs,18896,183
2021-07-28,CHATHAM-KENT,40-49yrs,11350,63
2021-07-28,CITY OF HAMILTON,40-49yrs,71673,472
2021-07-28,CITY OF OTTAWA,40-49yrs,134815,721
2021-07-28,DURHAM REGION,40-49yrs,93719,896
2021-07-28,EASTERN ONTARIO,40-49yrs,23559,467
2021-07-28,GREY BRUCE,40-49yrs,16555,100
2021-07-28,HALDIMAND-NORFOLK,40-49yrs,11715,77
2021-07-28,HALIBURTON KAWARTHA PINE RIDGE,40-49yrs,17924,161
2021-07-28,HALTON REGION,40-49yrs,88209,1245
2021-07-28,HASTINGS & PRINCE EDWARD COUNTIES,40-49yrs,17924,177
2021-07-28,HURON PERTH,40-49yrs,14709,372
2021-07-28,KINGSTON FRONTENAC LENNOX & ADDINGTON,40-49yrs,24416,230
2021-07-28,LAMBTON COUNTY,40-49yrs,13713,180
2021-07-28,LEEDS GRENVILLE AND LANARK DISTRICT,40-49yrs,18360,186
2021-07-28,MIDDLESEX-LONDON,40-49yrs,59863,514
2021-07-28,NIAGARA REGION,40-49yrs,52093,281
2021-07-28,NORTH BAY PARRY SOUND DISTRICT,40-49yrs,13844,68
2021-07-28,NORTHWESTERN,40-49yrs,9699,61
2021-07-28,PEEL REGION,40-49yrs,220945,1183
2021-07-28,PETERBOROUGH COUNTY-CITY,40-49yrs,14923,101
2021-07-28,PORCUPINE,40-49yrs,9835,42
2021-07-28,RENFREW COUNTY AND DISTRICT,40-49yrs,11851,100
2021-07-28,SIMCOE MUSKOKA DISTRICT,40-49yrs,72346,640
2021-07-28,SOUTHWESTERN,40-49yrs,25213,330
2021-07-28,SUDBURY AND DISTRICT,40-49yrs,23893,258
2021-07-28,THUNDER BAY DISTRICT,40-49yrs,17224,117
2021-07-28,TIMISKAMING,40-49yrs,3499,46
2021-07-28,TORONTO,40-49yrs,423307,1822
2021-07-28,WATERLOO REGION,40-49yrs,76587,613
2021-07-28,WELLINGTON-DUFFERIN-GUELPH,40-49yrs,38968,393
2021-07-28,WINDSOR-ESSEX COUNTY,40-49yrs,50811,354
2021-07-28,YORK REGION,40-49yrs,162480,804
2021-07-28,ALGOMA DISTRICT,50-59yrs,16446,210
2021-07-28,BRANT COUNTY,50-59yrs,21321,159
2021-07-28,CHATHAM-KENT,50-59yrs,15450,52
2021-07-28,CITY OF HAMILTON,50-59yrs,80704,492
2021-07-28,CITY OF OTTAWA,50-59yrs,139786,613
2021-07-28,DURHAM REGION,50-59yrs,104381,748
2021-07-28,EASTERN ONTARIO,50-59yrs,32885,482
2021-07-28,GREY BRUCE,50-59yrs,24279,126
2021-07-28,HALDIMAND-NORFOLK,50-59yrs,17361,116
2021-07-28,HALIBURTON KAWARTHA PINE RIDGE,50-59yrs,30845,232
2021-07-28,HALTON REGION,50-59yrs,85689,1041
2021-07-28,HASTINGS & PRINCE EDWARD COUNTIES,50-59yrs,26066,261
2021-07-28,HURON PERTH,50-59yrs,19413,315
2021-07-28,KINGSTON FRONTENAC LENNOX & ADDINGTON,50-59yrs,29814,261
2021-07-28,LAMBTON COUNTY,50-59yrs,18136,283
2021-07-28,LEEDS GRENVILLE AND LANARK DISTRICT,50-59yrs,28235,214
2021-07-28,MIDDLESEX-LONDON,50-59yrs,66854,468
2021-07-28,NIAGARA REGION,50-59yrs,70296,347
2021-07-28,NORTH BAY PARRY SOUND DISTRICT,50-59yrs,20038,67
2021-07-28,NORTHWESTERN,50-59yrs,11842,39
2021-07-28,PEEL REGION,50-59yrs,217659,950
2021-07-28,PETERBOROUGH COUNTY-CITY,50-59yrs,20821,93
2021-07-28,PORCUPINE,50-59yrs,11988,50
2021-07-28,RENFREW COUNTY AND DISTRICT,50-59yrs,15489,109
2021-07-28,SIMCOE MUSKOKA DISTRICT,50-59yrs,92219,744
2021-07-28,SOUTHWESTERN,50-59yrs,29933,288
2021-07-28,SUDBURY AND DISTRICT,50-59yrs,28981,305
2021-07-28,THUNDER BAY DISTRICT,50-59yrs,20955,157
2021-07-28,TIMISKAMING,50-59yrs,4828,41
2021-07-28,TORONTO,50-59yrs,394894,1689
2021-07-28,WATERLOO REGION,50-59yrs,78016,667
2021-07-28,WELLINGTON-DUFFERIN-GUELPH,50-59yrs,44023,448
2021-07-28,WINDSOR-ESSEX COUNTY,50-59yrs,60800,361
2021-07-28,YORK REGION,50-59yrs,180487,808
2021-07-28,ALGOMA DISTRICT,60-69yrs,18604,161
2021-07-28,BRANT COUNTY,60-69yrs,19812,150
2021-07-28,CHATHAM-KENT,60-69yrs,15770,56
2021-07-28,CITY OF HAMILTON,60-69yrs,72258,343
2021-07-28,CITY OF OTTAWA,60-69yrs,118913,370
2021-07-28,DURHAM REGION,60-69yrs,83972,451
2021-07-28,EASTERN ONTARIO,60-69yrs,31360,363
2021-07-28,GREY BRUCE,60-69yrs,27440,102
2021-07-28,HALDIMAND-NORFOLK,60-69yrs,18117,101
2021-07-28,HALIBURTON KAWARTHA PINE RIDGE,60-69yrs,32828,261
2021-07-28,HALTON REGION,60-69yrs,64619,484
2021-07-28,HASTINGS & PRINCE EDWARD COUNTIES,60-69yrs,26203,296
2021-07-28,HURON PERTH,60-69yrs,19835,204
2021-07-28,KINGSTON FRONTENAC LENNOX & ADDINGTON,60-69yrs,28261,160
2021-07-28,LAMBTON COUNTY,60-69yrs,20502,186
2021-07-28,LEEDS GRENVILLE AND LANARK DISTRICT,60-69yrs,28428,196
2021-07-28,MIDDLESEX-LONDON,60-69yrs,60813,365
2021-07-28,NIAGARA REGION,60-69yrs,66878,280
2021-07-28,NORTH BAY PARRY SOUND DISTRICT,60-69yrs,20502,112
2021-07-28,NORTHWESTERN,60-69yrs,11530,32
2021-07-28,PEEL REGION,60-69yrs,167934,702
2021-07-28,PETERBOROUGH COUNTY-CITY,60-69yrs,22051,110
2021-07-28,PORCUPINE,60-69yrs,12077,42
2021-07-28,RENFREW COUNTY AND DISTRICT,60-69yrs,15644,62
2021-07-28,SIMCOE MUSKOKA DISTRICT,60-69yrs,79793,693
2021-07-28,SOUTHWESTERN,60-69yrs,27383,221
2021-07-28,SUDBURY AND DISTRICT,60-69yrs,28512,162
2021-07-28,THUNDER BAY DISTRICT,60-69yrs,22248,93
2021-07-28,TIMISKAMING,60-69yrs,5410,27
2021-07-28,TORONTO,60-69yrs,327676,1395
2021-07-28,WATERLOO REGION,60-69yrs,64550,436
2021-07-28,WELLINGTON-DUFFERIN-GUELPH,60-69yrs,37194,241
2021-07-28,WINDSOR-ESSEX COUNTY,60-69yrs,54082,233
2021-07-28,YORK REGION,60-69yrs,143847,648
2021-07-28,ALGOMA DISTRICT,70-79yrs,12699,45
2021-07-28,BRANT COUNTY,70-79yrs,12716,61
2021-07-28,CHATHAM-KENT,70-79yrs,10558,20
2021-07-28,CITY OF HAMILTON,70-79yrs,45295,211
2021-07-28,CITY OF OTTAWA,70-79yrs,75781,247
2021-07-28,DURHAM REGION,70-79yrs,50080,160
2021-07-28,EASTERN ONTARIO,70-79yrs,20776,162
2021-07-28,GREY BRUCE,70-79yrs,19403,35
2021-07-28,HALDIMAND-NORFOLK,70-79yrs,11809,64
2021-07-28,HALIBURTON KAWARTHA PINE RIDGE,70-79yrs,24747,171
2021-07-28,HALTON REGION,70-79yrs,43839,282
2021-07-28,HASTINGS & PRINCE EDWARD COUNTIES,70-79yrs,18608,151
2021-07-28,HURON PERTH,70-79yrs,13697,54
2021-07-28,KINGSTON FRONTENAC LENNOX & ADDINGTON,70-79yrs,19981,115
2021-07-28,LAMBTON COUNTY,70-79yrs,13758,81
2021-07-28,LEEDS GRENVILLE AND LANARK DISTRICT,70-79yrs,20048,112
2021-07-28,MIDDLESEX-LONDON,70-79yrs,40094,256
2021-07-28,NIAGARA REGION,70-79yrs,48175,221
2021-07-28,NORTH BAY PARRY SOUND DISTRICT,70-79yrs,14235,67
2021-07-28,NORTHWESTERN,70-79yrs,6718,6
2021-07-28,PEEL REGION,70-79yrs,102369,289
2021-07-28,PETERBOROUGH COUNTY-CITY,70-79yrs,15695,68
2021-07-28,PORCUPINE,70-79yrs,6754,7
2021-07-28,RENFREW COUNTY AND DISTRICT,70-79yrs,10814,41
2021-07-28,SIMCOE MUSKOKA DISTRICT,70-79yrs,54104,310
2021-07-28,SOUTHWESTERN,70-79yrs,18637,142
2021-07-28,SUDBURY AND DISTRICT,70-79yrs,18552,84
2021-07-28,THUNDER BAY DISTRICT,70-79yrs,13660,40
2021-07-28,TIMISKAMING,70-79yrs,3541,4
2021-07-28,TORONTO,70-79yrs,202795,973
2021-07-28,WATERLOO REGION,70-79yrs,40380,252
2021-07-28,WELLINGTON-DUFFERIN-GUELPH,70-79yrs,23504,108
2021-07-28,WINDSOR-ESSEX COUNTY,70-79yrs,35970,93
2021-07-28,YORK REGION,70-79yrs,90111,318
2021-07-28,ALGOMA DISTRICT,80+,7929,13
2021-07-28,BRANT COUNTY,80+,7044,21
2021-07-28,CHATHAM-KENT,80+,6269,10
2021-07-28,CITY OF HAMILTON,80+,28319,48
2021-07-28,CITY OF OTTAWA,80+,42388,91
2021-07-28,DURHAM REGION,80+,26420,38
2021-07-28,EASTERN ONTARIO,80+,11219,37
2021-07-28,GREY BRUCE,80+,11147,7
2021-07-28,HALDIMAND-NORFOLK,80+,6382,4
2021-07-28,HALIBURTON KAWARTHA PINE RIDGE,80+,14112,41
2021-07-28,HALTON REGION,80+,25542,61
2021-07-28,HASTINGS & PRINCE EDWARD COUNTIES,80+,10614,54
2021-07-28,HURON PERTH,80+,8279,23
2021-07-28,KINGSTON FRONTENAC LENNOX & ADDINGTON,80+,11314,32
2021-07-28,LAMBTON COUNTY,80+,8068,30
2021-07-28,LEEDS GRENVILLE AND LANARK DISTRICT,80+,10669,98
2021-07-28,MIDDLESEX-LONDON,80+,23219,63
2021-07-28,NIAGARA REGION,80+,29120,90
2021-07-28,NORTH BAY PARRY SOUND DISTRICT,80+,7885,23
2021-07-28,NORTHWESTERN,80+,3618,3
2021-07-28,PEEL REGION,80+,50535,96
2021-07-28,PETERBOROUGH COUNTY-CITY,80+,9476,26
2021-07-28,PORCUPINE,80+,3632,8
2021-07-28,RENFREW COUNTY AND DISTRICT,80+,6453,5
2021-07-28,SIMCOE MUSKOKA DISTRICT,80+,30142,91
2021-07-28,SOUTHWESTERN,80+,10908,50
2021-07-28,SUDBURY AND DISTRICT,80+,10028,35
2021-07-28,THUNDER BAY DISTRICT,80+,7894,15
2021-07-28,TIMISKAMING,80+,1974,1
2021-07-28,TORONTO,80+,144579,365
2021-07-28,WATERLOO REGION,80+,22488,72
2021-07-28,WELLINGTON-DUFFERIN-GUELPH,80+,12749,12
2021-07-28,WINDSOR-ESSEX COUNTY,80+,20462,29
2021-07-28,YORK REGION,80+,48390,92
2021-07-29,ALGOMA DISTRICT,12-17yrs,6504,80
2021-07-29,BRANT COUNTY,12-17yrs,10734,267
2021-07-29,CHATHAM-KENT,12-17yrs,7233,234
2021-07-29,CITY OF HAMILTON,12-17yrs,37018,383
2021-07-29,CITY OF OTTAWA,12-17yrs,66222,771
2021-07-29,DURHAM REGION,12-17yrs,51038,1697
2021-07-29,EASTERN ONTARIO,12-17yrs,13423,284
2021-07-29,GREY BRUCE,12-17yrs,10179,123
2021-07-29,HALDIMAND-NORFOLK,12-17yrs,7138,89
2021-07-29,HALIBURTON KAWARTHA PINE RIDGE,12-17yrs,10093,158
2021-07-29,HALTON REGION,12-17yrs,49248,776
2021-07-29,HASTINGS & PRINCE EDWARD COUNTIES,12-17yrs,9953,89
2021-07-29,HURON PERTH,12-17yrs,9790,454
2021-07-29,KINGSTON FRONTENAC LENNOX & ADDINGTON,12-17yrs,11803,323
2021-07-29,LAMBTON COUNTY,12-17yrs,8280,224
2021-07-29,LEEDS GRENVILLE AND LANARK DISTRICT,12-17yrs,10477,94
2021-07-29,MIDDLESEX-LONDON,12-17yrs,31735,752
2021-07-29,NIAGARA REGION,12-17yrs,28353,387
2021-07-29,NORTH BAY PARRY SOUND DISTRICT,12-17yrs,7244,86
2021-07-29,NORTHWESTERN,12-17yrs,6670,165
2021-07-29,PEEL REGION,12-17yrs,118974,845
2021-07-29,PETERBOROUGH COUNTY-CITY,12-17yrs,8041,128
2021-07-29,PORCUPINE,12-17yrs,5754,136
2021-07-29,RENFREW COUNTY AND DISTRICT,12-17yrs,6329,65
2021-07-29,SIMCOE MUSKOKA DISTRICT,12-17yrs,37614,752
2021-07-29,SOUTHWESTERN,12-17yrs,15337,268
2021-07-29,SUDBURY AND DISTRICT,12-17yrs,11889,222
2021-07-29,THUNDER BAY DISTRICT,12-17yrs,9043,255
2021-07-29,TIMISKAMING,12-17yrs,1897,10
2021-07-29,TORONTO,12-17yrs,162546,1600
2021-07-29,WATERLOO REGION,12-17yrs,40049,966
2021-07-29,WELLINGTON-DUFFERIN-GUELPH,12-17yrs,21168,462
2021-07-29,WINDSOR-ESSEX COUNTY,12-17yrs,29770,291
2021-07-29,YORK REGION,12-17yrs,89973,892
2021-07-29,ALGOMA DISTRICT,18-29yrs,15509,96
2021-07-29,BRANT COUNTY,18-29yrs,24059,86
2021-07-29,CHATHAM-KENT,18-29yrs,14984,335
2021-07-29,CITY OF HAMILTON,18-29yrs,100237,565
2021-07-29,CITY OF OTTAWA,18-29yrs,186587,1077
2021-07-29,DURHAM REGION,18-29yrs,114063,1227
2021-07-29,EASTERN ONTARIO,18-29yrs,27830,405
2021-07-29,GREY BRUCE,18-29yrs,22126,185
2021-07-29,HALDIMAND-NORFOLK,18-29yrs,15900,106
2021-07-29,HALIBURTON KAWARTHA PINE RIDGE,18-29yrs,22520,135
2021-07-29,HALTON REGION,18-29yrs,95648,958
2021-07-29,HASTINGS & PRINCE EDWARD COUNTIES,18-29yrs,22375,200
2021-07-29,HURON PERTH,18-29yrs,20393,347
2021-07-29,KINGSTON FRONTENAC LENNOX & ADDINGTON,18-29yrs,34068,354
2021-07-29,LAMBTON COUNTY,18-29yrs,18558,294
2021-07-29,LEEDS GRENVILLE AND LANARK DISTRICT,18-29yrs,21695,106
2021-07-29,MIDDLESEX-LONDON,18-29yrs,88180,768
2021-07-29,NIAGARA REGION,18-29yrs,70592,533
2021-07-29,NORTH BAY PARRY SOUND DISTRICT,18-29yrs,17552,76
2021-07-29,NORTHWESTERN,18-29yrs,13990,190
2021-07-29,PEEL REGION,18-29yrs,278974,1259
2021-07-29,PETERBOROUGH COUNTY-CITY,18-29yrs,21688,127
2021-07-29,PORCUPINE,18-29yrs,12232,149
2021-07-29,RENFREW COUNTY AND DISTRICT,18-29yrs,14861,127
2021-07-29,SIMCOE MUSKOKA DISTRICT,18-29yrs,87904,1001
2021-07-29,SOUTHWESTERN,18-29yrs,30393,289
2021-07-29,SUDBURY AND DISTRICT,18-29yrs,29436,282
2021-07-29,THUNDER BAY DISTRICT,18-29yrs,22251,214
2021-07-29,TIMISKAMING,18-29yrs,4360,32
2021-07-29,TORONTO,18-29yrs,585930,2499
2021-07-29,WATERLOO REGION,18-29yrs,99244,3772
2021-07-29,WELLINGTON-DUFFERIN-GUELPH,18-29yrs,50230,350
2021-07-29,WINDSOR-ESSEX COUNTY,18-29yrs,72405,367
2021-07-29,YORK REGION,18-29yrs,198762,853
2021-07-29,ALGOMA DISTRICT,30-39yrs,12062,67
2021-07-29,BRANT COUNTY,30-39yrs,19698,205
2021-07-29,CHATHAM-KENT,30-39yrs,11594,323
2021-07-29,CITY OF HAMILTON,30-39yrs,84056,456
2021-07-29,CITY OF OTTAWA,30-39yrs,158259,841
2021-07-29,DURHAM REGION,30-39yrs,93632,972
2021-07-29,EASTERN ONTARIO,30-39yrs,21920,370
2021-07-29,GREY BRUCE,30-39yrs,17931,108
2021-07-29,HALDIMAND-NORFOLK,30-39yrs,11852,83
2021-07-29,HALIBURTON KAWARTHA PINE RIDGE,30-39yrs,17429,125
2021-07-29,HALTON REGION,30-39yrs,80648,785
2021-07-29,HASTINGS & PRINCE EDWARD COUNTIES,30-39yrs,17863,175
2021-07-29,HURON PERTH,30-39yrs,14728,263
2021-07-29,KINGSTON FRONTENAC LENNOX & ADDINGTON,30-39yrs,29909,279
2021-07-29,LAMBTON COUNTY,30-39yrs,14493,187
2021-07-29,LEEDS GRENVILLE AND LANARK DISTRICT,30-39yrs,16449,85
2021-07-29,MIDDLESEX-LONDON,30-39yrs,73436,466
2021-07-29,NIAGARA REGION,30-39yrs,54175,394
2021-07-29,NORTH BAY PARRY SOUND DISTRICT,30-39yrs,14543,95
2021-07-29,NORTHWESTERN,30-39yrs,9958,125
2021-07-29,PEEL REGION,30-39yrs,235513,550
2021-07-29,PETERBOROUGH COUNTY-CITY,30-39yrs,18338,124
2021-07-29,PORCUPINE,30-39yrs,9754,90
2021-07-29,RENFREW COUNTY AND DISTRICT,30-39yrs,13489,55
2021-07-29,SIMCOE MUSKOKA DISTRICT,30-39yrs,74380,838
2021-07-29,SOUTHWESTERN,30-39yrs,24409,273
2021-07-29,SUDBURY AND DISTRICT,30-39yrs,24368,191
2021-07-29,THUNDER BAY DISTRICT,30-39yrs,18511,141
2021-07-29,TIMISKAMING,30-39yrs,3297,20
2021-07-29,TORONTO,30-39yrs,528595,1951
2021-07-29,WATERLOO REGION,30-39yrs,84990,3109
2021-07-29,WELLINGTON-DUFFERIN-GUELPH,30-39yrs,42188,167
2021-07-29,WINDSOR-ESSEX COUNTY,30-39yrs,48477,231
2021-07-29,YORK REGION,30-39yrs,155115,610
2021-07-29,ALGOMA DISTRICT,40-49yrs,11665,76
2021-07-29,BRANT COUNTY,40-49yrs,18896,20
2021-07-29,CHATHAM-KENT,40-49yrs,11350,298
2021-07-29,CITY OF HAMILTON,40-49yrs,71673,369
2021-07-29,CITY OF OTTAWA,40-49yrs,134815,633
2021-07-29,DURHAM REGION,40-49yrs,93719,925
2021-07-29,EASTERN ONTARIO,40-49yrs,23559,398
2021-07-29,GREY BRUCE,40-49yrs,16555,80
2021-07-29,HALDIMAND-NORFOLK,40-49yrs,11715,66
2021-07-29,HALIBURTON KAWARTHA PINE RIDGE,40-49yrs,17924,144
2021-07-29,HALTON REGION,40-49yrs,88209,976
2021-07-29,HASTINGS & PRINCE EDWARD COUNTIES,40-49yrs,17924,189
2021-07-29,HURON PERTH,40-49yrs,14709,291
2021-07-29,KINGSTON FRONTENAC LENNOX & ADDINGTON,40-49yrs,24416,241
2021-07-29,LAMBTON COUNTY,40-49yrs,13713,175
2021-07-29,LEEDS GRENVILLE AND LANARK DISTRICT,40-49yrs,18360,102
2021-07-29,MIDDLESEX-LONDON,40-49yrs,59863,403
2021-07-29,NIAGARA REGION,40-49yrs,52093,345
2021-07-29,NORTH BAY PARRY SOUND DISTRICT,40-49yrs,13844,140
2021-07-29,NORTHWESTERN,40-49yrs,9699,94
2021-07-29,PEEL REGION,40-49yrs,220945,768
2021-07-29,PETERBOROUGH COUNTY-CITY,40-49yrs,14923,102
2021-07-29,PORCUPINE,40-49yrs,9835,74
2021-07-29,RENFREW COUNTY AND DISTRICT,40-49yrs,11851,65
2021-07-29,SIMCOE MUSKOKA DISTRICT,40-49yrs,72346,769
2021-07-29,SOUTHWESTERN,40-49yrs,25213,266
2021-07-29,SUDBURY AND DISTRICT,40-49yrs,23893,219
2021-07-29,THUNDER BAY DISTRICT,40-49yrs,17224,110
2021-07-29,TIMISKAMING,40-49yrs,3499,12
2021-07-29,TORONTO,40-49yrs,423307,1550
2021-07-29,WATERLOO REGION,40-49yrs,76587,1876
2021-07-29,WELLINGTON-DUFFERIN-GUELPH,40-49yrs,38968,148
2021-07-29,WINDSOR-ESSEX COUNTY,40-49yrs,50811,188
2021-07-29,YORK REGION,40-49yrs,162480,646
2021-07-29,ALGOMA DISTRICT,50-59yrs,16446,96
2021-07-29,BRANT COUNTY,50-59yrs,21321,5
2021-07-29,CHATHAM-KENT,50-59yrs,15450,272
2021-07-29,CITY OF HAMILTON,50-59yrs,80704,441
2021-07-29,CITY OF OTTAWA,50-59yrs,139786,512
2021-07-29,DURHAM REGION,50-59yrs,104381,828
2021-07-29,EASTERN ONTARIO,50-59yrs,32885,522
2021-07-29,GREY BRUCE,50-59yrs,24279,38
2021-07-29,HALDIMAND-NORFOLK,50-59yrs,17361,67
2021-07-29,HALIBURTON KAWARTHA PINE RIDGE,50-59yrs,30845,144
2021-07-29,HALTON REGION,50-59yrs,85689,829
2021-07-29,HASTINGS & PRINCE EDWARD COUNTIES,50-59yrs,26066,242
2021-07-29,HURON PERTH,50-59yrs,19413,267
2021-07-29,KINGSTON FRONTENAC LENNOX & ADDINGTON,50-59yrs,29814,250
2021-07-29,LAMBTON COUNTY,50-59yrs,18136,277
2021-07-29,LEEDS GRENVILLE AND LANARK DISTRICT,50-59yrs,28235,99
2021-07-29,MIDDLESEX-LONDON,50-59yrs,66854,341
2021-07-29,NIAGARA REGION,50-59yrs,70296,372
2021-07-29,NORTH BAY PARRY SOUND DISTRICT,50-59yrs,20038,184
2021-07-29,NORTHWESTERN,50-59yrs,11842,92
2021-07-29,PEEL REGION,50-59yrs,217659,730
2021-07-29,PETERBOROUGH COUNTY-CITY,50-59yrs,20821,133
2021-07-29,PORCUPINE,50-59yrs,11988,74
2021-07-29,RENFREW COUNTY AND DISTRICT,50-59yrs,15489,73
2021-07-29,SIMCOE MUSKOKA DISTRICT,50-59yrs,92219,867
2021-07-29,SOUTHWESTERN,50-59yrs,29933,302
2021-07-29,SUDBURY AND DISTRICT,50-59yrs,28981,229
2021-07-29,THUNDER BAY DISTRICT,50-59yrs,20955,113
2021-07-29,TIMISKAMING,50-59yrs,4828,15
2021-07-29,TORONTO,50-59yrs,394894,1628
2021-07-29,WATERLOO REGION,50-59yrs,78016,1623
2021-07-29,WELLINGTON-DUFFERIN-GUELPH,50-59yrs,44023,117
2021-07-29,WINDSOR-ESSEX COUNTY,50-59yrs,60800,184
2021-07-29,YORK REGION,50-59yrs,180487,674
2021-07-29,ALGOMA DISTRICT,60-69yrs,18604,64
2021-07-29,BRANT COUNTY,60-69yrs,19812,47
2021-07-29,CHATHAM-KENT,60-69yrs,15770,195
2021-07-29,CITY OF HAMILTON,60-69yrs,72258,387
2021-07-29,CITY OF OTTAWA,60-69yrs,118913,302
2021-07-29,DURHAM REGION,60-69yrs,83972,469
2021-07-29,EASTERN ONTARIO,60-69yrs,31360,417
2021-07-29,GREY BRUCE,60-69yrs,27440,58
2021-07-29,HALDIMAND-NORFOLK,60-69yrs,18117,47
2021-07-29,HALIBURTON KAWARTHA PINE RIDGE,60-69yrs,32828,207
2021-07-29,HALTON REGION,60-69yrs,64619,473
2021-07-29,HASTINGS & PRINCE EDWARD COUNTIES,60-69yrs,26203,261
2021-07-29,HURON PERTH,60-69yrs,19835,161
2021-07-29,KINGSTON FRONTENAC LENNOX & ADDINGTON,60-69yrs,28261,115
2021-07-29,LAMBTON COUNTY,60-69yrs,20502,170
2021-07-29,LEEDS GRENVILLE AND LANARK DISTRICT,60-69yrs,28428,128
2021-07-29,MIDDLESEX-LONDON,60-69yrs,60813,228
2021-07-29,NIAGARA REGION,60-69yrs,66878,380
2021-07-29,NORTH BAY PARRY SOUND DISTRICT,60-69yrs,20502,202
2021-07-29,NORTHWESTERN,60-69yrs,11530,51
2021-07-29,PEEL REGION,60-69yrs,167934,569
2021-07-29,PETERBOROUGH COUNTY-CITY,60-69yrs,22051,79
2021-07-29,PORCUPINE,60-69yrs,12077,43
2021-07-29,RENFREW COUNTY AND DISTRICT,60-69yrs,15644,70
2021-07-29,SIMCOE MUSKOKA DISTRICT,60-69yrs,79793,806
2021-07-29,SOUTHWESTERN,60-69yrs,27383,281
2021-07-29,SUDBURY AND DISTRICT,60-69yrs,28512,139
2021-07-29,THUNDER BAY DISTRICT,60-69yrs,22248,98
2021-07-29,TIMISKAMING,60-69yrs,5410,23
2021-07-29,TORONTO,60-69yrs,327676,1086
2021-07-29,WATERLOO REGION,60-69yrs,64550,1189
2021-07-29,WELLINGTON-DUFFERIN-GUELPH,60-69yrs,37194,15
2021-07-29,WINDSOR-ESSEX COUNTY,60-69yrs,54082,74
2021-07-29,YORK REGION,60-69yrs,143847,564
2021-07-29,ALGOMA DISTRICT,70-79yrs,12699,31
2021-07-29,BRANT COUNTY,70-79yrs,12716,16
2021-07-29,CHATHAM-KENT,70-79yrs,10558,85
2021-07-29,CITY OF HAMILTON,70-79yrs,45295,189
2021-07-29,CITY OF OTTAWA,70-79yrs,75781,144
2021-07-29,DURHAM REGION,70-79yrs,50080,183
2021-07-29,EASTERN ONTARIO,70-79yrs,20776,215
2021-07-29,GREY BRUCE,70-79yrs,19403,19
2021-07-29,HALDIMAND-NORFOLK,70-79yrs,11809,13
2021-07-29,HALIBURTON KAWARTHA PINE RIDGE,70-79yrs,24747,129
2021-07-29,HALTON REGION,70-79yrs,43839,275
2021-07-29,HASTINGS & PRINCE EDWARD COUNTIES,70-79yrs,18608,127
2021-07-29,HURON PERTH,70-79yrs,13697,20
2021-07-29,KINGSTON FRONTENAC LENNOX & ADDINGTON,70-79yrs,19981,105
2021-07-29,LAMBTON COUNTY,70-79yrs,13758,84
2021-07-29,LEEDS GRENVILLE AND LANARK DISTRICT,70-79yrs,20048,87
2021-07-29,MIDDLESEX-LONDON,70-79yrs,40094,156
2021-07-29,NIAGARA REGION,70-79yrs,48175,264
2021-07-29,NORTH BAY PARRY SOUND DISTRICT,70-79yrs,14235,71
2021-07-29,NORTHWESTERN,70-79yrs,6718,32
2021-07-29,PEEL REGION,70-79yrs,102369,251
2021-07-29,PETERBOROUGH COUNTY-CITY,70-79yrs,15695,43
2021-07-29,PORCUPINE,70-79yrs,6754,18
2021-07-29,RENFREW COUNTY AND DISTRICT,70-79yrs,10814,38
2021-07-29,SIMCOE MUSKOKA DISTRICT,70-79yrs,54104,325
2021-07-29,SOUTHWESTERN,70-79yrs,18637,136
2021-07-29,SUDBURY AND DISTRICT,70-79yrs,18552,36
2021-07-29,THUNDER BAY DISTRICT,70-79yrs,13660,43
2021-07-29,TIMISKAMING,70-79yrs,3541,11
2021-07-29,TORONTO,70-79yrs,202795,832
2021-07-29,WATERLOO REGION,70-79yrs,40380,586
2021-07-29,WELLINGTON-DUFFERIN-GUELPH,70-79yrs,23504,31
2021-07-29,WINDSOR-ESSEX COUNTY,70-79yrs,35970,52
2021-07-29,YORK REGION,70-79yrs,90111,269
2021-07-29,ALGOMA DISTRICT,80+,7929,13
2021-07-29,BRANT COUNTY,80+,7044,11
2021-07-29,CHATHAM-KENT,80+,6269,23
2021-07-29,CITY OF HAMILTON,80+,28319,41
2021-07-29,CITY OF OTTAWA,80+,42388,78
2021-07-29,DURHAM REGION,80+,26420,51
2021-07-29,EASTERN ONTARIO,80+,11219,60
2021-07-29,GREY BRUCE,80+,11147,2
2021-07-29,HALDIMAND-NORFOLK,80+,6382,4
2021-07-29,HALIBURTON KAWARTHA PINE RIDGE,80+,14112,32
2021-07-29,HALTON REGION,80+,25542,87
2021-07-29,HASTINGS & PRINCE EDWARD COUNTIES,80+,10614,24
2021-07-29,HURON PERTH,80+,8279,5
2021-07-29,KINGSTON FRONTENAC LENNOX & ADDINGTON,80+,11314,51
2021-07-29,LAMBTON COUNTY,80+,8068,25
2021-07-29,LEEDS GRENVILLE AND LANARK DISTRICT,80+,10669,21
2021-07-29,MIDDLESEX-LONDON,80+,23219,42
2021-07-29,NIAGARA REGION,80+,29120,113
2021-07-29,NORTH BAY PARRY SOUND DISTRICT,80+,7885,23
2021-07-29,NORTHWESTERN,80+,3618,7
2021-07-29,PEEL REGION,80+,50535,62
2021-07-29,PETERBOROUGH COUNTY-CITY,80+,9476,28
2021-07-29,PORCUPINE,80+,3632,4
2021-07-29,RENFREW COUNTY AND DISTRICT,80+,6453,12
2021-07-29,SIMCOE MUSKOKA DISTRICT,80+,30142,79
2021-07-29,SOUTHWESTERN,80+,10908,51
2021-07-29,SUDBURY AND DISTRICT,80+,10028,33
2021-07-29,THUNDER BAY DISTRICT,80+,7894,19
2021-07-29,TIMISKAMING,80+,1974,5
2021-07-29,TORONTO,80+,144579,357
2021-07-29,WATERLOO REGION,80+,22488,166
2021-07-29,WELLINGTON-DUFFERIN-GUELPH,80+,12749,14
2021-07-29,WINDSOR-ESSEX COUNTY,80+,20462,12
2021-07-29,YORK REGION,80+,48390,82
2021-07-30,ALGOMA DISTRICT,12-17yrs,6504,416
2021-07-30,BRANT COUNTY,12-17yrs,10734,307
2021-07-30,CHATHAM-KENT,12-17yrs,7233,10
2021-07-30,CITY OF HAMILTON,12-17yrs,37018,406
2021-07-30,CITY OF OTTAWA,12-17yrs,66222,836
2021-07-30,DURHAM REGION,12-17yrs,51038,1376
2021-07-30,EASTERN ONTARIO,12-17yrs,13423,290
2021-07-30,GREY BRUCE,12-17yrs,10179,106
2021-07-30,HALDIMAND-NORFOLK,12-17yrs,7138,30
2021-07-30,HALIBURTON KAWARTHA PINE RIDGE,12-17yrs,10093,141
2021-07-30,HALTON REGION,12-17yrs,49248,718
2021-07-30,HASTINGS & PRINCE EDWARD COUNTIES,12-17yrs,9953,116
2021-07-30,HURON PERTH,12-17yrs,9790,552
2021-07-30,KINGSTON FRONTENAC LENNOX & ADDINGTON,12-17yrs,11803,307
2021-07-30,LAMBTON COUNTY,12-17yrs,8280,266
2021-07-30,LEEDS GRENVILLE AND LANARK DISTRICT,12-17yrs,10477,177
2021-07-30,MIDDLESEX-LONDON,12-17yrs,31735,598
2021-07-30,NIAGARA REGION,12-17yrs,28353,546
2021-07-30,NORTH BAY PARRY SOUND DISTRICT,12-17yrs,7244,138
2021-07-30,NORTHWESTERN,12-17yrs,6670,68
2021-07-30,PEEL REGION,12-17yrs,118974,1149
2021-07-30,PETERBOROUGH COUNTY-CITY,12-17yrs,8041,125
2021-07-30,PORCUPINE,12-17yrs,5754,15
2021-07-30,RENFREW COUNTY AND DISTRICT,12-17yrs,6329,109
2021-07-30,SIMCOE MUSKOKA DISTRICT,12-17yrs,37614,513
2021-07-30,SOUTHWESTERN,12-17yrs,15337,188
2021-07-30,SUDBURY AND DISTRICT,12-17yrs,11889,250
2021-07-30,THUNDER BAY DISTRICT,12-17yrs,9043,134
2021-07-30,TIMISKAMING,12-17yrs,1897,14
2021-07-30,TORONTO,12-17yrs,162546,1612
2021-07-30,WATERLOO REGION,12-17yrs,40049,641
2021-07-30,WELLINGTON-DUFFERIN-GUELPH,12-17yrs,21168,491
2021-07-30,WINDSOR-ESSEX COUNTY,12-17yrs,29770,317
2021-07-30,YORK REGION,12-17yrs,89973,909
2021-07-30,ALGOMA DISTRICT,18-29yrs,15509,367
2021-07-30,BRANT COUNTY,18-29yrs,24059,150
2021-07-30,CHATHAM-KENT,18-29yrs,14984,90
2021-07-30,CITY OF HAMILTON,18-29yrs,100237,584
2021-07-30,CITY OF OTTAWA,18-29yrs,186587,977
2021-07-30,DURHAM REGION,18-29yrs,114063,1000
2021-07-30,EASTERN ONTARIO,18-29yrs,27830,369
2021-07-30,GREY BRUCE,18-29yrs,22126,163
2021-07-30,HALDIMAND-NORFOLK,18-29yrs,15900,32
2021-07-30,HALIBURTON KAWARTHA PINE RIDGE,18-29yrs,22520,171
2021-07-30,HALTON REGION,18-29yrs,95648,975
2021-07-30,HASTINGS & PRINCE EDWARD COUNTIES,18-29yrs,22375,206
2021-07-30,HURON PERTH,18-29yrs,20393,378
2021-07-30,KINGSTON FRONTENAC LENNOX & ADDINGTON,18-29yrs,34068,291
2021-07-30,LAMBTON COUNTY,18-29yrs,18558,349
2021-07-30,LEEDS GRENVILLE AND LANARK DISTRICT,18-29yrs,21695,251
2021-07-30,MIDDLESEX-LONDON,18-29yrs,88180,742
2021-07-30,NIAGARA REGION,18-29yrs,70592,602
2021-07-30,NORTH BAY PARRY SOUND DISTRICT,18-29yrs,17552,207
2021-07-30,NORTHWESTERN,18-29yrs,13990,40
2021-07-30,PEEL REGION,18-29yrs,278974,2159
2021-07-30,PETERBOROUGH COUNTY-CITY,18-29yrs,21688,198
2021-07-30,PORCUPINE,18-29yrs,12232,26
2021-07-30,RENFREW COUNTY AND DISTRICT,18-29yrs,14861,120
2021-07-30,SIMCOE MUSKOKA DISTRICT,18-29yrs,87904,817
2021-07-30,SOUTHWESTERN,18-29yrs,30393,220
2021-07-30,SUDBURY AND DISTRICT,18-29yrs,29436,300
2021-07-30,THUNDER BAY DISTRICT,18-29yrs,22251,187
2021-07-30,TIMISKAMING,18-29yrs,4360,28
2021-07-30,TORONTO,18-29yrs,585930,3072
2021-07-30,WATERLOO REGION,18-29yrs,99244,1189
2021-07-30,WELLINGTON-DUFFERIN-GUELPH,18-29yrs,50230,651
2021-07-30,WINDSOR-ESSEX COUNTY,18-29yrs,72405,494
2021-07-30,YORK REGION,18-29yrs,198762,838
2021-07-30,ALGOMA DISTRICT,30-39yrs,12062,301
2021-07-30,BRANT COUNTY,30-39yrs,19698,110
2021-07-30,CHATHAM-KENT,30-39yrs,11594,82
2021-07-30,CITY OF HAMILTON,30-39yrs,84056,414
2021-07-30,CITY OF OTTAWA,30-39yrs,158259,745
2021-07-30,DURHAM REGION,30-39yrs,93632,831
2021-07-30,EASTERN ONTARIO,30-39yrs,21920,296
2021-07-30,GREY BRUCE,30-39yrs,17931,98
2021-07-30,HALDIMAND-NORFOLK,30-39yrs,11852,43
2021-07-30,HALIBURTON KAWARTHA PINE RIDGE,30-39yrs,17429,156
2021-07-30,HALTON REGION,30-39yrs,80648,819
2021-07-30,HASTINGS & PRINCE EDWARD COUNTIES,30-39yrs,17863,158
2021-07-30,HURON PERTH,30-39yrs,14728,318
2021-07-30,KINGSTON FRONTENAC LENNOX & ADDINGTON,30-39yrs,29909,196
2021-07-30,LAMBTON COUNTY,30-39yrs,14493,254
2021-07-30,LEEDS GRENVILLE AND LANARK DISTRICT,30-39yrs,16449,239
2021-07-30,MIDDLESEX-LONDON,30-39yrs,73436,470
2021-07-30,NIAGARA REGION,30-39yrs,54175,430
2021-07-30,NORTH BAY PARRY SOUND DISTRICT,30-39yrs,14543,184
2021-07-30,NORTHWESTERN,30-39yrs,9958,34
2021-07-30,PEEL REGION,30-39yrs,235513,1319
2021-07-30,PETERBOROUGH COUNTY-CITY,30-39yrs,18338,131
2021-07-30,PORCUPINE,30-39yrs,9754,26
2021-07-30,RENFREW COUNTY AND DISTRICT,30-39yrs,13489,87
2021-07-30,SIMCOE MUSKOKA DISTRICT,30-39yrs,74380,628
2021-07-30,SOUTHWESTERN,30-39yrs,24409,209
2021-07-30,SUDBURY AND DISTRICT,30-39yrs,24368,229
2021-07-30,THUNDER BAY DISTRICT,30-39yrs,18511,101
2021-07-30,TIMISKAMING,30-39yrs,3297,13
2021-07-30,TORONTO,30-39yrs,528595,2280
2021-07-30,WATERLOO REGION,30-39yrs,84990,835
2021-07-30,WELLINGTON-DUFFERIN-GUELPH,30-39yrs,42188,524
2021-07-30,WINDSOR-ESSEX COUNTY,30-39yrs,48477,310
2021-07-30,YORK REGION,30-39yrs,155115,654
2021-07-30,ALGOMA DISTRICT,40-49yrs,11665,308
2021-07-30,BRANT COUNTY,40-49yrs,18896,124
2021-07-30,CHATHAM-KENT,40-49yrs,11350,83
2021-07-30,CITY OF HAMILTON,40-49yrs,71673,357
2021-07-30,CITY OF OTTAWA,40-49yrs,134815,607
2021-07-30,DURHAM REGION,40-49yrs,93719,741
2021-07-30,EASTERN ONTARIO,40-49yrs,23559,329
2021-07-30,GREY BRUCE,40-49yrs,16555,93
2021-07-30,HALDIMAND-NORFOLK,40-49yrs,11715,35
2021-07-30,HALIBURTON KAWARTHA PINE RIDGE,40-49yrs,17924,123
2021-07-30,HALTON REGION,40-49yrs,88209,894
2021-07-30,HASTINGS & PRINCE EDWARD COUNTIES,40-49yrs,17924,160
2021-07-30,HURON PERTH,40-49yrs,14709,327
2021-07-30,KINGSTON FRONTENAC LENNOX & ADDINGTON,40-49yrs,24416,165
2021-07-30,LAMBTON COUNTY,40-49yrs,13713,236
2021-07-30,LEEDS GRENVILLE AND LANARK DISTRICT,40-49yrs,18360,168
2021-07-30,MIDDLESEX-LONDON,40-49yrs,59863,422
2021-07-30,NIAGARA REGION,40-49yrs,52093,427
2021-07-30,NORTH BAY PARRY SOUND DISTRICT,40-49yrs,13844,161
2021-07-30,NORTHWESTERN,40-49yrs,9699,21
2021-07-30,PEEL REGION,40-49yrs,220945,1064
2021-07-30,PETERBOROUGH COUNTY-CITY,40-49yrs,14923,107
2021-07-30,PORCUPINE,40-49yrs,9835,24
2021-07-30,RENFREW COUNTY AND DISTRICT,40-49yrs,11851,79
2021-07-30,SIMCOE MUSKOKA DISTRICT,40-49yrs,72346,608
2021-07-30,SOUTHWESTERN,40-49yrs,25213,153
2021-07-30,SUDBURY AND DISTRICT,40-49yrs,23893,230
2021-07-30,THUNDER BAY DISTRICT,40-49yrs,17224,85
2021-07-30,TIMISKAMING,40-49yrs,3499,13
2021-07-30,TORONTO,40-49yrs,423307,1779
2021-07-30,WATERLOO REGION,40-49yrs,76587,672
2021-07-30,WELLINGTON-DUFFERIN-GUELPH,40-49yrs,38968,404
2021-07-30,WINDSOR-ESSEX COUNTY,40-49yrs,50811,284
2021-07-30,YORK REGION,40-49yrs,162480,659
2021-07-30,ALGOMA DISTRICT,50-59yrs,16446,359
2021-07-30,BRANT COUNTY,50-59yrs,21321,112
2021-07-30,CHATHAM-KENT,50-59yrs,15450,105
2021-07-30,CITY OF HAMILTON,50-59yrs,80704,340
2021-07-30,CITY OF OTTAWA,50-59yrs,139786,523
2021-07-30,DURHAM REGION,50-59yrs,104381,696
2021-07-30,EASTERN ONTARIO,50-59yrs,32885,400
2021-07-30,GREY BRUCE,50-59yrs,24279,119
2021-07-30,HALDIMAND-NORFOLK,50-59yrs,17361,51
2021-07-30,HALIBURTON KAWARTHA PINE RIDGE,50-59yrs,30845,171
2021-07-30,HALTON REGION,50-59yrs,85689,838
2021-07-30,HASTINGS & PRINCE EDWARD COUNTIES,50-59yrs,26066,203
2021-07-30,HURON PERTH,50-59yrs,19413,264
2021-07-30,KINGSTON FRONTENAC LENNOX & ADDINGTON,50-59yrs,29814,165
2021-07-30,LAMBTON COUNTY,50-59yrs,18136,278
2021-07-30,LEEDS GRENVILLE AND LANARK DISTRICT,50-59yrs,28235,252
2021-07-30,MIDDLESEX-LONDON,50-59yrs,66854,325
2021-07-30,NIAGARA REGION,50-59yrs,70296,390
2021-07-30,NORTH BAY PARRY SOUND DISTRICT,50-59yrs,20038,183
2021-07-30,NORTHWESTERN,50-59yrs,11842,22
2021-07-30,PEEL REGION,50-59yrs,217659,769
2021-07-30,PETERBOROUGH COUNTY-CITY,50-59yrs,20821,122
2021-07-30,PORCUPINE,50-59yrs,11988,14
2021-07-30,RENFREW COUNTY AND DISTRICT,50-59yrs,15489,76
2021-07-30,SIMCOE MUSKOKA DISTRICT,50-59yrs,92219,677
2021-07-30,SOUTHWESTERN,50-59yrs,29933,196
2021-07-30,SUDBURY AND DISTRICT,50-59yrs,28981,268
2021-07-30,THUNDER BAY DISTRICT,50-59yrs,20955,100
2021-07-30,TIMISKAMING,50-59yrs,4828,13
2021-07-30,TORONTO,50-59yrs,394894,1560
2021-07-30,WATERLOO REGION,50-59yrs,78016,607
2021-07-30,WELLINGTON-DUFFERIN-GUELPH,50-59yrs,44023,421
2021-07-30,WINDSOR-ESSEX COUNTY,50-59yrs,60800,269
2021-07-30,YORK REGION,50-59yrs,180487,602
2021-07-30,ALGOMA DISTRICT,60-69yrs,18604,384
2021-07-30,BRANT COUNTY,60-69yrs,19812,82
2021-07-30,CHATHAM-KENT,60-69yrs,15770,59
2021-07-30,CITY OF HAMILTON,60-69yrs,72258,319
2021-07-30,CITY OF OTTAWA,60-69yrs,118913,367
2021-07-30,DURHAM REGION,60-69yrs,83972,406
2021-07-30,EASTERN ONTARIO,60-69yrs,31360,367
2021-07-30,GREY BRUCE,60-69yrs,27440,96
2021-07-30,HALDIMAND-NORFOLK,60-69yrs,18117,27
2021-07-30,HALIBURTON KAWARTHA PINE RIDGE,60-69yrs,32828,191
2021-07-30,HALTON REGION,60-69yrs,64619,485
2021-07-30,HASTINGS & PRINCE EDWARD COUNTIES,60-69yrs,26203,204
2021-07-30,HURON PERTH,60-69yrs,19835,180
2021-07-30,KINGSTON FRONTENAC LENNOX & ADDINGTON,60-69yrs,28261,9
2021-07-30,LAMBTON COUNTY,60-69yrs,20502,173
2021-07-30,LEEDS GRENVILLE AND LANARK DISTRICT,60-69yrs,28428,278
2021-07-30,MIDDLESEX-LONDON,60-69yrs,60813,219
2021-07-30,NIAGARA REGION,60-69yrs,66878,392
2021-07-30,NORTH BAY PARRY SOUND DISTRICT,60-69yrs,20502,183
2021-07-30,NORTHWESTERN,60-69yrs,11530,14
2021-07-30,PEEL REGION,60-69yrs,167934,589
2021-07-30,PETERBOROUGH COUNTY-CITY,60-69yrs,22051,114
2021-07-30,PORCUPINE,60-69yrs,12077,6
2021-07-30,RENFREW COUNTY AND DISTRICT,60-69yrs,15644,71
2021-07-30,SIMCOE MUSKOKA DISTRICT,60-69yrs,79793,561
2021-07-30,SOUTHWESTERN,60-69yrs,27383,166
2021-07-30,SUDBURY AND DISTRICT,60-69yrs,28512,176
2021-07-30,THUNDER BAY DISTRICT,60-69yrs,22248,83
2021-07-30,TIMISKAMING,60-69yrs,5410,10
2021-07-30,TORONTO,60-69yrs,327676,1327
2021-07-30,WATERLOO REGION,60-69yrs,64550,379
2021-07-30,WELLINGTON-DUFFERIN-GUELPH,60-69yrs,37194,200
2021-07-30,WINDSOR-ESSEX COUNTY,60-69yrs,54082,179
2021-07-30,YORK REGION,60-69yrs,143847,477
2021-07-30,ALGOMA DISTRICT,70-79yrs,12699,93
2021-07-30,BRANT COUNTY,70-79yrs,12716,27
2021-07-30,CHATHAM-KENT,70-79yrs,10558,25
2021-07-30,CITY OF HAMILTON,70-79yrs,45295,188
2021-07-30,CITY OF OTTAWA,70-79yrs,75781,165
2021-07-30,DURHAM REGION,70-79yrs,50080,139
2021-07-30,EASTERN ONTARIO,70-79yrs,20776,186
2021-07-30,GREY BRUCE,70-79yrs,19403,28
2021-07-30,HALDIMAND-NORFOLK,70-79yrs,11809,12
2021-07-30,HALIBURTON KAWARTHA PINE RIDGE,70-79yrs,24747,129
2021-07-30,HALTON REGION,70-79yrs,43839,262
2021-07-30,HASTINGS & PRINCE EDWARD COUNTIES,70-79yrs,18608,93
2021-07-30,HURON PERTH,70-79yrs,13697,36
2021-07-30,KINGSTON FRONTENAC LENNOX & ADDINGTON,70-79yrs,19981,74
2021-07-30,LAMBTON COUNTY,70-79yrs,13758,69
2021-07-30,LEEDS GRENVILLE AND LANARK DISTRICT,70-79yrs,20048,160
2021-07-30,MIDDLESEX-LONDON,70-79yrs,40094,218
2021-07-30,NIAGARA REGION,70-79yrs,48175,241
2021-07-30,NORTH BAY PARRY SOUND DISTRICT,70-79yrs,14235,72
2021-07-30,NORTHWESTERN,70-79yrs,6718,7
2021-07-30,PEEL REGION,70-79yrs,102369,236
2021-07-30,PETERBOROUGH COUNTY-CITY,70-79yrs,15695,62
2021-07-30,PORCUPINE,70-79yrs,6754,6
2021-07-30,RENFREW COUNTY AND DISTRICT,70-79yrs,10814,32
2021-07-30,SIMCOE MUSKOKA DISTRICT,70-79yrs,54104,240
2021-07-30,SOUTHWESTERN,70-79yrs,18637,122
2021-07-30,SUDBURY AND DISTRICT,70-79yrs,18552,69
2021-07-30,THUNDER BAY DISTRICT,70-79yrs,13660,55
2021-07-30,TIMISKAMING,70-79yrs,3541,4
2021-07-30,TORONTO,70-79yrs,202795,746
2021-07-30,WATERLOO REGION,70-79yrs,40380,235
2021-07-30,WELLINGTON-DUFFERIN-GUELPH,70-79yrs,23504,85
2021-07-30,WINDSOR-ESSEX COUNTY,70-79yrs,35970,99
2021-07-30,YORK REGION,70-79yrs,90111,220
2021-07-30,ALGOMA DISTRICT,80+,7929,24
2021-07-30,BRANT COUNTY,80+,7044,12
2021-07-30,CHATHAM-KENT,80+,6269,19
2021-07-30,CITY OF HAMILTON,80+,28319,49
2021-07-30,CITY OF OTTAWA,80+,42388,52
2021-07-30,DURHAM REGION,80+,26420,27
2021-07-30,EASTERN ONTARIO,80+,11219,51
2021-07-30,GREY BRUCE,80+,11147,6
2021-07-30,HALDIMAND-NORFOLK,80+,6382,2
2021-07-30,HALIBURTON KAWARTHA PINE RIDGE,80+,14112,43
2021-07-30,HALTON REGION,80+,25542,106
2021-07-30,HASTINGS & PRINCE EDWARD COUNTIES,80+,10614,25
2021-07-30,HURON PERTH,80+,8279,20
2021-07-30,KINGSTON FRONTENAC LENNOX & ADDINGTON,80+,11314,46
2021-07-30,LAMBTON COUNTY,80+,8068,15
2021-07-30,LEEDS GRENVILLE AND LANARK DISTRICT,80+,10669,60
2021-07-30,MIDDLESEX-LONDON,80+,23219,57
2021-07-30,NIAGARA REGION,80+,29120,78
2021-07-30,NORTH BAY PARRY SOUND DISTRICT,80+,7885,31
2021-07-30,NORTHWESTERN,80+,3618,4
2021-07-30,PEEL REGION,80+,50535,84
2021-07-30,PETERBOROUGH COUNTY-CITY,80+,9476,16
2021-07-30,PORCUPINE,80+,3632,2
2021-07-30,RENFREW COUNTY AND DISTRICT,80+,6453,6
2021-07-30,SIMCOE MUSKOKA DISTRICT,80+,30142,54
2021-07-30,SOUTHWESTERN,80+,10908,25
2021-07-30,SUDBURY AND DISTRICT,80+,10028,23
2021-07-30,THUNDER BAY DISTRICT,80+,7894,16
2021-07-30,TIMISKAMING,80+,1974,1
2021-07-30,TORONTO,80+,144579,331
2021-07-30,WATERLOO REGION,80+,22488,58
2021-07-30,WELLINGTON-DUFFERIN-GUELPH,80+,12749,20
2021-07-30,WINDSOR-ESSEX COUNTY,80+,20462,22
2021-07-30,YORK REGION,80+,48390,78
2021-07-31,ALGOMA DISTRICT,12-17yrs,6504,255
2021-07-31,BRANT COUNTY,12-17yrs,10734,239
2021-07-31,CHATHAM-KENT,12-17yrs,7233,145
2021-07-31,CITY OF HAMILTON,12-17yrs,37018,331
2021-07-31,CITY OF OTTAWA,12-17yrs,66222,803
2021-07-31,DURHAM REGION,12-17yrs,51038,1245
2021-07-31,EASTERN ONTARIO,12-17yrs,13423,328
2021-07-31,GREY BRUCE,12-17yrs,10179,180
2021-07-31,HALDIMAND-NORFOLK,12-17yrs,7138,68
2021-07-31,HALIBURTON KAWARTHA PINE RIDGE,12-17yrs,10093,132
2021-07-31,HALTON REGION,12-17yrs,49248,772
2021-07-31,HASTINGS & PRINCE EDWARD COUNTIES,12-17yrs,9953,157
2021-07-31,HURON PERTH,12-17yrs,9790,200
2021-07-31,KINGSTON FRONTENAC LENNOX & ADDINGTON,12-17yrs,11803,268
2021-07-31,LAMBTON COUNTY,12-17yrs,8280,182
2021-07-31,LEEDS GRENVILLE AND LANARK DISTRICT,12-17yrs,10477,94
2021-07-31,MIDDLESEX-LONDON,12-17yrs,31735,710
2021-07-31,NIAGARA REGION,12-17yrs,28353,333
2021-07-31,NORTH BAY PARRY SOUND DISTRICT,12-17yrs,7244,89
2021-07-31,NORTHWESTERN,12-17yrs,6670,53
2021-07-31,PEEL REGION,12-17yrs,118974,1001
2021-07-31,PETERBOROUGH COUNTY-CITY,12-17yrs,8041,27
2021-07-31,PORCUPINE,12-17yrs,5754,31
2021-07-31,RENFREW COUNTY AND DISTRICT,12-17yrs,6329,29
2021-07-31,SIMCOE MUSKOKA DISTRICT,12-17yrs,37614,478
2021-07-31,SOUTHWESTERN,12-17yrs,15337,280
2021-07-31,SUDBURY AND DISTRICT,12-17yrs,11889,115
2021-07-31,THUNDER BAY DISTRICT,12-17yrs,9043,115
2021-07-31,TIMISKAMING,12-17yrs,1897,10
2021-07-31,TORONTO,12-17yrs,162546,1545
2021-07-31,WATERLOO REGION,12-17yrs,40049,743
2021-07-31,WELLINGTON-DUFFERIN-GUELPH,12-17yrs,21168,277
2021-07-31,WINDSOR-ESSEX COUNTY,12-17yrs,29770,321
2021-07-31,YORK REGION,12-17yrs,89973,972
2021-07-31,ALGOMA DISTRICT,18-29yrs,15509,250
2021-07-31,BRANT COUNTY,18-29yrs,24059,226
2021-07-31,CHATHAM-KENT,18-29yrs,14984,162
2021-07-31,CITY OF HAMILTON,18-29yrs,100237,608
2021-07-31,CITY OF OTTAWA,18-29yrs,186587,1196
2021-07-31,DURHAM REGION,18-29yrs,114063,1072
2021-07-31,EASTERN ONTARIO,18-29yrs,27830,431
2021-07-31,GREY BRUCE,18-29yrs,22126,153
2021-07-31,HALDIMAND-NORFOLK,18-29yrs,15900,109
2021-07-31,HALIBURTON KAWARTHA PINE RIDGE,18-29yrs,22520,169
2021-07-31,HALTON REGION,18-29yrs,95648,952
2021-07-31,HASTINGS & PRINCE EDWARD COUNTIES,18-29yrs,22375,206
2021-07-31,HURON PERTH,18-29yrs,20393,192
2021-07-31,KINGSTON FRONTENAC LENNOX & ADDINGTON,18-29yrs,34068,234
2021-07-31,LAMBTON COUNTY,18-29yrs,18558,197
2021-07-31,LEEDS GRENVILLE AND LANARK DISTRICT,18-29yrs,21695,149
2021-07-31,MIDDLESEX-LONDON,18-29yrs,88180,956
2021-07-31,NIAGARA REGION,18-29yrs,70592,470
2021-07-31,NORTH BAY PARRY SOUND DISTRICT,18-29yrs,17552,106
2021-07-31,NORTHWESTERN,18-29yrs,13990,33
2021-07-31,PEEL REGION,18-29yrs,278974,2282
2021-07-31,PETERBOROUGH COUNTY-CITY,18-29yrs,21688,87
2021-07-31,PORCUPINE,18-29yrs,12232,38
2021-07-31,RENFREW COUNTY AND DISTRICT,18-29yrs,14861,36
2021-07-31,SIMCOE MUSKOKA DISTRICT,18-29yrs,87904,748
2021-07-31,SOUTHWESTERN,18-29yrs,30393,385
2021-07-31,SUDBURY AND DISTRICT,18-29yrs,29436,145
2021-07-31,THUNDER BAY DISTRICT,18-29yrs,22251,166
2021-07-31,TIMISKAMING,18-29yrs,4360,6
2021-07-31,TORONTO,18-29yrs,585930,3313
2021-07-31,WATERLOO REGION,18-29yrs,99244,1350
2021-07-31,WELLINGTON-DUFFERIN-GUELPH,18-29yrs,50230,510
2021-07-31,WINDSOR-ESSEX COUNTY,18-29yrs,72405,482
2021-07-31,YORK REGION,18-29yrs,198762,921
2021-07-31,ALGOMA DISTRICT,30-39yrs,12062,187
2021-07-31,BRANT COUNTY,30-39yrs,19698,202
2021-07-31,CHATHAM-KENT,30-39yrs,11594,107
2021-07-31,CITY OF HAMILTON,30-39yrs,84056,516
2021-07-31,CITY OF OTTAWA,30-39yrs,158259,957
2021-07-31,DURHAM REGION,30-39yrs,93632,911
2021-07-31,EASTERN ONTARIO,30-39yrs,21920,353
2021-07-31,GREY BRUCE,30-39yrs,17931,133
2021-07-31,HALDIMAND-NORFOLK,30-39yrs,11852,122
2021-07-31,HALIBURTON KAWARTHA PINE RIDGE,30-39yrs,17429,103
2021-07-31,HALTON REGION,30-39yrs,80648,897
2021-07-31,HASTINGS & PRINCE EDWARD COUNTIES,30-39yrs,17863,164
2021-07-31,HURON PERTH,30-39yrs,14728,156
2021-07-31,KINGSTON FRONTENAC LENNOX & ADDINGTON,30-39yrs,29909,166
2021-07-31,LAMBTON COUNTY,30-39yrs,14493,139
2021-07-31,LEEDS GRENVILLE AND LANARK DISTRICT,30-39yrs,16449,128
2021-07-31,MIDDLESEX-LONDON,30-39yrs,73436,646
2021-07-31,NIAGARA REGION,30-39yrs,54175,333
2021-07-31,NORTH BAY PARRY SOUND DISTRICT,30-39yrs,14543,78
2021-07-31,NORTHWESTERN,30-39yrs,9958,5
2021-07-31,PEEL REGION,30-39yrs,235513,1544
2021-07-31,PETERBOROUGH COUNTY-CITY,30-39yrs,18338,50
2021-07-31,PORCUPINE,30-39yrs,9754,27
2021-07-31,RENFREW COUNTY AND DISTRICT,30-39yrs,13489,24
2021-07-31,SIMCOE MUSKOKA DISTRICT,30-39yrs,74380,665
2021-07-31,SOUTHWESTERN,30-39yrs,24409,387
2021-07-31,SUDBURY AND DISTRICT,30-39yrs,24368,90
2021-07-31,THUNDER BAY DISTRICT,30-39yrs,18511,132
2021-07-31,TIMISKAMING,30-39yrs,3297,5
2021-07-31,TORONTO,30-39yrs,528595,2644
2021-07-31,WATERLOO REGION,30-39yrs,84990,895
2021-07-31,WELLINGTON-DUFFERIN-GUELPH,30-39yrs,42188,399
2021-07-31,WINDSOR-ESSEX COUNTY,30-39yrs,48477,300
2021-07-31,YORK REGION,30-39yrs,155115,798
2021-07-31,ALGOMA DISTRICT,40-49yrs,11665,189
2021-07-31,BRANT COUNTY,40-49yrs,18896,156
2021-07-31,CHATHAM-KENT,40-49yrs,11350,119
2021-07-31,CITY OF HAMILTON,40-49yrs,71673,380
2021-07-31,CITY OF OTTAWA,40-49yrs,134815,674
2021-07-31,DURHAM REGION,40-49yrs,93719,800
2021-07-31,EASTERN ONTARIO,40-49yrs,23559,352
2021-07-31,GREY BRUCE,40-49yrs,16555,98
2021-07-31,HALDIMAND-NORFOLK,40-49yrs,11715,115
2021-07-31,HALIBURTON KAWARTHA PINE RIDGE,40-49yrs,17924,121
2021-07-31,HALTON REGION,40-49yrs,88209,959
2021-07-31,HASTINGS & PRINCE EDWARD COUNTIES,40-49yrs,17924,222
2021-07-31,HURON PERTH,40-49yrs,14709,148
2021-07-31,KINGSTON FRONTENAC LENNOX & ADDINGTON,40-49yrs,24416,119
2021-07-31,LAMBTON COUNTY,40-49yrs,13713,115
2021-07-31,LEEDS GRENVILLE AND LANARK DISTRICT,40-49yrs,18360,116
2021-07-31,MIDDLESEX-LONDON,40-49yrs,59863,532
2021-07-31,NIAGARA REGION,40-49yrs,52093,322
2021-07-31,NORTH BAY PARRY SOUND DISTRICT,40-49yrs,13844,91
2021-07-31,NORTHWESTERN,40-49yrs,9699,25
2021-07-31,PEEL REGION,40-49yrs,220945,1206
2021-07-31,PETERBOROUGH COUNTY-CITY,40-49yrs,14923,48
2021-07-31,PORCUPINE,40-49yrs,9835,32
2021-07-31,RENFREW COUNTY AND DISTRICT,40-49yrs,11851,28
2021-07-31,SIMCOE MUSKOKA DISTRICT,40-49yrs,72346,595
2021-07-31,SOUTHWESTERN,40-49yrs,25213,322
2021-07-31,SUDBURY AND DISTRICT,40-49yrs,23893,96
2021-07-31,THUNDER BAY DISTRICT,40-49yrs,17224,117
2021-07-31,TIMISKAMING,40-49yrs,3499,6
2021-07-31,TORONTO,40-49yrs,423307,1893
2021-07-31,WATERLOO REGION,40-49yrs,76587,667
2021-07-31,WELLINGTON-DUFFERIN-GUELPH,40-49yrs,38968,264
2021-07-31,WINDSOR-ESSEX COUNTY,40-49yrs,50811,279
2021-07-31,YORK REGION,40-49yrs,162480,681
2021-07-31,ALGOMA DISTRICT,50-59yrs,16446,295
2021-07-31,BRANT COUNTY,50-59yrs,21321,139
2021-07-31,CHATHAM-KENT,50-59yrs,15450,152
2021-07-31,CITY OF HAMILTON,50-59yrs,80704,420
2021-07-31,CITY OF OTTAWA,50-59yrs,139786,607
2021-07-31,DURHAM REGION,50-59yrs,104381,811
2021-07-31,EASTERN ONTARIO,50-59yrs,32885,390
2021-07-31,GREY BRUCE,50-59yrs,24279,115
2021-07-31,HALDIMAND-NORFOLK,50-59yrs,17361,98
2021-07-31,HALIBURTON KAWARTHA PINE RIDGE,50-59yrs,30845,165
2021-07-31,HALTON REGION,50-59yrs,85689,853
2021-07-31,HASTINGS & PRINCE EDWARD COUNTIES,50-59yrs,26066,253
2021-07-31,HURON PERTH,50-59yrs,19413,101
2021-07-31,KINGSTON FRONTENAC LENNOX & ADDINGTON,50-59yrs,29814,153
2021-07-31,LAMBTON COUNTY,50-59yrs,18136,134
2021-07-31,LEEDS GRENVILLE AND LANARK DISTRICT,50-59yrs,28235,139
2021-07-31,MIDDLESEX-LONDON,50-59yrs,66854,380
2021-07-31,NIAGARA REGION,50-59yrs,70296,278
2021-07-31,NORTH BAY PARRY SOUND DISTRICT,50-59yrs,20038,110
2021-07-31,NORTHWESTERN,50-59yrs,11842,13
2021-07-31,PEEL REGION,50-59yrs,217659,906
2021-07-31,PETERBOROUGH COUNTY-CITY,50-59yrs,20821,47
2021-07-31,PORCUPINE,50-59yrs,11988,20
2021-07-31,RENFREW COUNTY AND DISTRICT,50-59yrs,15489,24
2021-07-31,SIMCOE MUSKOKA DISTRICT,50-59yrs,92219,644
2021-07-31,SOUTHWESTERN,50-59yrs,29933,305
2021-07-31,SUDBURY AND DISTRICT,50-59yrs,28981,79
2021-07-31,THUNDER BAY DISTRICT,50-59yrs,20955,102
2021-07-31,TIMISKAMING,50-59yrs,4828,6
2021-07-31,TORONTO,50-59yrs,394894,1791
2021-07-31,WATERLOO REGION,50-59yrs,78016,591
2021-07-31,WELLINGTON-DUFFERIN-GUELPH,50-59yrs,44023,266
2021-07-31,WINDSOR-ESSEX COUNTY,50-59yrs,60800,253
2021-07-31,YORK REGION,50-59yrs,180487,741
2021-07-31,ALGOMA DISTRICT,60-69yrs,18604,373
2021-07-31,BRANT COUNTY,60-69yrs,19812,112
2021-07-31,CHATHAM-KENT,60-69yrs,15770,92
2021-07-31,CITY OF HAMILTON,60-69yrs,72258,329
2021-07-31,CITY OF OTTAWA,60-69yrs,118913,400
2021-07-31,DURHAM REGION,60-69yrs,83972,471
2021-07-31,EASTERN ONTARIO,60-69yrs,31360,300
2021-07-31,GREY BRUCE,60-69yrs,27440,81
2021-07-31,HALDIMAND-NORFOLK,60-69yrs,18117,54
2021-07-31,HALIBURTON KAWARTHA PINE RIDGE,60-69yrs,32828,166
2021-07-31,HALTON REGION,60-69yrs,64619,445
2021-07-31,HASTINGS & PRINCE EDWARD COUNTIES,60-69yrs,26203,239
2021-07-31,HURON PERTH,60-69yrs,19835,82
2021-07-31,KINGSTON FRONTENAC LENNOX & ADDINGTON,60-69yrs,28261,62
2021-07-31,LAMBTON COUNTY,60-69yrs,20502,91
2021-07-31,LEEDS GRENVILLE AND LANARK DISTRICT,60-69yrs,28428,145
2021-07-31,MIDDLESEX-LONDON,60-69yrs,60813,282
2021-07-31,NIAGARA REGION,60-69yrs,66878,260
2021-07-31,NORTH BAY PARRY SOUND DISTRICT,60-69yrs,20502,110
2021-07-31,NORTHWESTERN,60-69yrs,11530,15
2021-07-31,PEEL REGION,60-69yrs,167934,654
2021-07-31,PETERBOROUGH COUNTY-CITY,60-69yrs,22051,40
2021-07-31,PORCUPINE,60-69yrs,12077,5
2021-07-31,RENFREW COUNTY AND DISTRICT,60-69yrs,15644,25
2021-07-31,SIMCOE MUSKOKA DISTRICT,60-69yrs,79793,402
2021-07-31,SOUTHWESTERN,60-69yrs,27383,205
2021-07-31,SUDBURY AND DISTRICT,60-69yrs,28512,42
2021-07-31,THUNDER BAY DISTRICT,60-69yrs,22248,69
2021-07-31,TIMISKAMING,60-69yrs,5410,3
2021-07-31,TORONTO,60-69yrs,327676,1363
2021-07-31,WATERLOO REGION,60-69yrs,64550,391
2021-07-31,WELLINGTON-DUFFERIN-GUELPH,60-69yrs,37194,104
2021-07-31,WINDSOR-ESSEX COUNTY,60-69yrs,54082,201
2021-07-31,YORK REGION,60-69yrs,143847,479
2021-07-31,ALGOMA DISTRICT,70-79yrs,12699,116
2021-07-31,BRANT COUNTY,70-79yrs,12716,43
2021-07-31,CHATHAM-KENT,70-79yrs,10558,27
2021-07-31,CITY OF HAMILTON,70-79yrs,45295,183
2021-07-31,CITY OF OTTAWA,70-79yrs,75781,222
2021-07-31,DURHAM REGION,70-79yrs,50080,178
2021-07-31,EASTERN ONTARIO,70-79yrs,20776,138
2021-07-31,GREY BRUCE,70-79yrs,19403,36
2021-07-31,HALDIMAND-NORFOLK,70-79yrs,11809,15
2021-07-31,HALIBURTON KAWARTHA PINE RIDGE,70-79yrs,24747,107
2021-07-31,HALTON REGION,70-79yrs,43839,186
2021-07-31,HASTINGS & PRINCE EDWARD COUNTIES,70-79yrs,18608,81
2021-07-31,HURON PERTH,70-79yrs,13697,13
2021-07-31,KINGSTON FRONTENAC LENNOX & ADDINGTON,70-79yrs,19981,57
2021-07-31,LAMBTON COUNTY,70-79yrs,13758,34
2021-07-31,LEEDS GRENVILLE AND LANARK DISTRICT,70-79yrs,20048,100
2021-07-31,MIDDLESEX-LONDON,70-79yrs,40094,185
2021-07-31,NIAGARA REGION,70-79yrs,48175,152
2021-07-31,NORTH BAY PARRY SOUND DISTRICT,70-79yrs,14235,33
2021-07-31,NORTHWESTERN,70-79yrs,6718,5
2021-07-31,PEEL REGION,70-79yrs,102369,270
2021-07-31,PETERBOROUGH COUNTY-CITY,70-79yrs,15695,22
2021-07-31,PORCUPINE,70-79yrs,6754,2
2021-07-31,RENFREW COUNTY AND DISTRICT,70-79yrs,10814,18
2021-07-31,SIMCOE MUSKOKA DISTRICT,70-79yrs,54104,189
2021-07-31,SOUTHWESTERN,70-79yrs,18637,124
2021-07-31,SUDBURY AND DISTRICT,70-79yrs,18552,18
2021-07-31,THUNDER BAY DISTRICT,70-79yrs,13660,54
2021-07-31,TIMISKAMING,70-79yrs,3541,2
2021-07-31,TORONTO,70-79yrs,202795,660
2021-07-31,WATERLOO REGION,70-79yrs,40380,166
2021-07-31,WELLINGTON-DUFFERIN-GUELPH,70-79yrs,23504,28
2021-07-31,WINDSOR-ESSEX COUNTY,70-79yrs,35970,73
2021-07-31,YORK REGION,70-79yrs,90111,233
2021-07-31,ALGOMA DISTRICT,80+,7929,28
2021-07-31,BRANT COUNTY,80+,7044,14
2021-07-31,CHATHAM-KENT,80+,6269,4
2021-07-31,CITY OF HAMILTON,80+,28319,40
2021-07-31,CITY OF OTTAWA,80+,42388,48
2021-07-31,DURHAM REGION,80+,26420,67
2021-07-31,EASTERN ONTARIO,80+,11219,46
2021-07-31,GREY BRUCE,80+,11147,10
2021-07-31,HALDIMAND-NORFOLK,80+,6382,1
2021-07-31,HALIBURTON KAWARTHA PINE RIDGE,80+,14112,27
2021-07-31,HALTON REGION,80+,25542,43
2021-07-31,HASTINGS & PRINCE EDWARD COUNTIES,80+,10614,33
2021-07-31,HURON PERTH,80+,8279,3
2021-07-31,KINGSTON FRONTENAC LENNOX & ADDINGTON,80+,11314,56
2021-07-31,LAMBTON COUNTY,80+,8068,5
2021-07-31,LEEDS GRENVILLE AND LANARK DISTRICT,80+,10669,24
2021-07-31,MIDDLESEX-LONDON,80+,23219,34
2021-07-31,NIAGARA REGION,80+,29120,64
2021-07-31,NORTH BAY PARRY SOUND DISTRICT,80+,7885,17
2021-07-31,NORTHWESTERN,80+,3618,3
2021-07-31,PEEL REGION,80+,50535,85
2021-07-31,PETERBOROUGH COUNTY-CITY,80+,9476,1
2021-07-31,PORCUPINE,80+,3632,0
2021-07-31,RENFREW COUNTY AND DISTRICT,80+,6453,1
2021-07-31,SIMCOE MUSKOKA DISTRICT,80+,30142,56
2021-07-31,SOUTHWESTERN,80+,10908,21
2021-07-31,SUDBURY AND DISTRICT,80+,10028,14
2021-07-31,THUNDER BAY DISTRICT,80+,7894,24
2021-07-31,TIMISKAMING,80+,1974,0
2021-07-31,TORONTO,80+,144579,324
2021-07-31,WATERLOO REGION,80+,22488,47
2021-07-31,WELLINGTON-DUFFERIN-GUELPH,80+,12749,6
2021-07-31,WINDSOR-ESSEX COUNTY,80+,20462,19
2021-07-31,YORK REGION,80+,48390,72
2021-08-01,ALGOMA DISTRICT,12-17yrs,6504,240
2021-08-01,BRANT COUNTY,12-17yrs,10734,59
2021-08-01,CHATHAM-KENT,12-17yrs,7233,1
2021-08-01,CITY OF HAMILTON,12-17yrs,37018,430
2021-08-01,CITY OF OTTAWA,12-17yrs,66222,851
2021-08-01,DURHAM REGION,12-17yrs,51038,1288
2021-08-01,EASTERN ONTARIO,12-17yrs,13423,44
2021-08-01,GREY BRUCE,12-17yrs,10179,9
2021-08-01,HALDIMAND-NORFOLK,12-17yrs,7138,7
2021-08-01,HALIBURTON KAWARTHA PINE RIDGE,12-17yrs,10093,86
2021-08-01,HALTON REGION,12-17yrs,49248,643
2021-08-01,HASTINGS & PRINCE EDWARD COUNTIES,12-17yrs,9953,6
2021-08-01,HURON PERTH,12-17yrs,9790,168
2021-08-01,KINGSTON FRONTENAC LENNOX & ADDINGTON,12-17yrs,11803,160
2021-08-01,LAMBTON COUNTY,12-17yrs,8280,6
2021-08-01,LEEDS GRENVILLE AND LANARK DISTRICT,12-17yrs,10477,103
2021-08-01,MIDDLESEX-LONDON,12-17yrs,31735,225
2021-08-01,NIAGARA REGION,12-17yrs,28353,310
2021-08-01,NORTH BAY PARRY SOUND DISTRICT,12-17yrs,7244,82
2021-08-01,NORTHWESTERN,12-17yrs,6670,0
2021-08-01,PEEL REGION,12-17yrs,118974,1073
2021-08-01,PETERBOROUGH COUNTY-CITY,12-17yrs,8041,18
2021-08-01,PORCUPINE,12-17yrs,5754,7
2021-08-01,RENFREW COUNTY AND DISTRICT,12-17yrs,6329,6
2021-08-01,SIMCOE MUSKOKA DISTRICT,12-17yrs,37614,464
2021-08-01,SOUTHWESTERN,12-17yrs,15337,32
2021-08-01,SUDBURY AND DISTRICT,12-17yrs,11889,160
2021-08-01,THUNDER BAY DISTRICT,12-17yrs,9043,5
2021-08-01,TIMISKAMING,12-17yrs,1897,2
2021-08-01,TORONTO,12-17yrs,162546,1295
2021-08-01,WATERLOO REGION,12-17yrs,40049,543
2021-08-01,WELLINGTON-DUFFERIN-GUELPH,12-17yrs,21168,230
2021-08-01,WINDSOR-ESSEX COUNTY,12-17yrs,29770,359
2021-08-01,YORK REGION,12-17yrs,89973,845
2021-08-01,ALGOMA DISTRICT,18-29yrs,15509,208
2021-08-01,BRANT COUNTY,18-29yrs,24059,145
2021-08-01,CHATHAM-KENT,18-29yrs,14984,5
2021-08-01,CITY OF HAMILTON,18-29yrs,100237,533
2021-08-01,CITY OF OTTAWA,18-29yrs,186587,1164
2021-08-01,DURHAM REGION,18-29yrs,114063,729
2021-08-01,EASTERN ONTARIO,18-29yrs,27830,69
2021-08-01,GREY BRUCE,18-29yrs,22126,28
2021-08-01,HALDIMAND-NORFOLK,18-29yrs,15900,28
2021-08-01,HALIBURTON KAWARTHA PINE RIDGE,18-29yrs,22520,138
2021-08-01,HALTON REGION,18-29yrs,95648,999
2021-08-01,HASTINGS & PRINCE EDWARD COUNTIES,18-29yrs,22375,35
2021-08-01,HURON PERTH,18-29yrs,20393,170
2021-08-01,KINGSTON FRONTENAC LENNOX & ADDINGTON,18-29yrs,34068,158
2021-08-01,LAMBTON COUNTY,18-29yrs,18558,13
2021-08-01,LEEDS GRENVILLE AND LANARK DISTRICT,18-29yrs,21695,125
2021-08-01,MIDDLESEX-LONDON,18-29yrs,88180,534
2021-08-01,NIAGARA REGION,18-29yrs,70592,355
2021-08-01,NORTH BAY PARRY SOUND DISTRICT,18-29yrs,17552,89
2021-08-01,NORTHWESTERN,18-29yrs,13990,4
2021-08-01,PEEL REGION,18-29yrs,278974,2734
2021-08-01,PETERBOROUGH COUNTY-CITY,18-29yrs,21688,58
2021-08-01,PORCUPINE,18-29yrs,12232,17
2021-08-01,RENFREW COUNTY AND DISTRICT,18-29yrs,14861,15
2021-08-01,SIMCOE MUSKOKA DISTRICT,18-29yrs,87904,753
2021-08-01,SOUTHWESTERN,18-29yrs,30393,66
2021-08-01,SUDBURY AND DISTRICT,18-29yrs,29436,196
2021-08-01,THUNDER BAY DISTRICT,18-29yrs,22251,22
2021-08-01,TIMISKAMING,18-29yrs,4360,7
2021-08-01,TORONTO,18-29yrs,585930,2364
2021-08-01,WATERLOO REGION,18-29yrs,99244,959
2021-08-01,WELLINGTON-DUFFERIN-GUELPH,18-29yrs,50230,331
2021-08-01,WINDSOR-ESSEX COUNTY,18-29yrs,72405,489
2021-08-01,YORK REGION,18-29yrs,198762,881
2021-08-01,ALGOMA DISTRICT,30-39yrs,12062,143
2021-08-01,BRANT COUNTY,30-39yrs,19698,121
2021-08-01,CHATHAM-KENT,30-39yrs,11594,6
2021-08-01,CITY OF HAMILTON,30-39yrs,84056,410
2021-08-01,CITY OF OTTAWA,30-39yrs,158259,947
2021-08-01,DURHAM REGION,30-39yrs,93632,567
2021-08-01,EASTERN ONTARIO,30-39yrs,21920,46
2021-08-01,GREY BRUCE,30-39yrs,17931,31
2021-08-01,HALDIMAND-NORFOLK,30-39yrs,11852,14
2021-08-01,HALIBURTON KAWARTHA PINE RIDGE,30-39yrs,17429,100
2021-08-01,HALTON REGION,30-39yrs,80648,824
2021-08-01,HASTINGS & PRINCE EDWARD COUNTIES,30-39yrs,17863,26
2021-08-01,HURON PERTH,30-39yrs,14728,109
2021-08-01,KINGSTON FRONTENAC LENNOX & ADDINGTON,30-39yrs,29909,107
2021-08-01,LAMBTON COUNTY,30-39yrs,14493,13
2021-08-01,LEEDS GRENVILLE AND LANARK DISTRICT,30-39yrs,16449,99
2021-08-01,MIDDLESEX-LONDON,30-39yrs,73436,360
2021-08-01,NIAGARA REGION,30-39yrs,54175,314
2021-08-01,NORTH BAY PARRY SOUND DISTRICT,30-39yrs,14543,63
2021-08-01,NORTHWESTERN,30-39yrs,9958,1
2021-08-01,PEEL REGION,30-39yrs,235513,1574
2021-08-01,PETERBOROUGH COUNTY-CITY,30-39yrs,18338,23
2021-08-01,PORCUPINE,30-39yrs,9754,9
2021-08-01,RENFREW COUNTY AND DISTRICT,30-39yrs,13489,8
2021-08-01,SIMCOE MUSKOKA DISTRICT,30-39yrs,74380,636
2021-08-01,SOUTHWESTERN,30-39yrs,24409,36
2021-08-01,SUDBURY AND DISTRICT,30-39yrs,24368,132
2021-08-01,THUNDER BAY DISTRICT,30-39yrs,18511,12
2021-08-01,TIMISKAMING,30-39yrs,3297,2
2021-08-01,TORONTO,30-39yrs,528595,1949
2021-08-01,WATERLOO REGION,30-39yrs,84990,626
2021-08-01,WELLINGTON-DUFFERIN-GUELPH,30-39yrs,42188,217
2021-08-01,WINDSOR-ESSEX COUNTY,30-39yrs,48477,289
2021-08-01,YORK REGION,30-39yrs,155115,697
2021-08-01,ALGOMA DISTRICT,40-49yrs,11665,136
2021-08-01,BRANT COUNTY,40-49yrs,18896,78
2021-08-01,CHATHAM-KENT,40-49yrs,11350,6
2021-08-01,CITY OF HAMILTON,40-49yrs,71673,390
2021-08-01,CITY OF OTTAWA,40-49yrs,134815,732
2021-08-01,DURHAM REGION,40-49yrs,93719,492
2021-08-01,EASTERN ONTARIO,40-49yrs,23559,70
2021-08-01,GREY BRUCE,40-49yrs,16555,30
2021-08-01,HALDIMAND-NORFOLK,40-49yrs,11715,13
2021-08-01,HALIBURTON KAWARTHA PINE RIDGE,40-49yrs,17924,53
2021-08-01,HALTON REGION,40-49yrs,88209,878
2021-08-01,HASTINGS & PRINCE EDWARD COUNTIES,40-49yrs,17924,23
2021-08-01,HURON PERTH,40-49yrs,14709,114
2021-08-01,KINGSTON FRONTENAC LENNOX & ADDINGTON,40-49yrs,24416,94
2021-08-01,LAMBTON COUNTY,40-49yrs,13713,11
2021-08-01,LEEDS GRENVILLE AND LANARK DISTRICT,40-49yrs,18360,80
2021-08-01,MIDDLESEX-LONDON,40-49yrs,59863,277
2021-08-01,NIAGARA REGION,40-49yrs,52093,272
2021-08-01,NORTH BAY PARRY SOUND DISTRICT,40-49yrs,13844,58
2021-08-01,NORTHWESTERN,40-49yrs,9699,0
2021-08-01,PEEL REGION,40-49yrs,220945,1085
2021-08-01,PETERBOROUGH COUNTY-CITY,40-49yrs,14923,22
2021-08-01,PORCUPINE,40-49yrs,9835,14
2021-08-01,RENFREW COUNTY AND DISTRICT,40-49yrs,11851,12
2021-08-01,SIMCOE MUSKOKA DISTRICT,40-49yrs,72346,509
2021-08-01,SOUTHWESTERN,40-49yrs,25213,47
2021-08-01,SUDBURY AND DISTRICT,40-49yrs,23893,136
2021-08-01,THUNDER BAY DISTRICT,40-49yrs,17224,6
2021-08-01,TIMISKAMING,40-49yrs,3499,5
2021-08-01,TORONTO,40-49yrs,423307,1398
2021-08-01,WATERLOO REGION,40-49yrs,76587,480
2021-08-01,WELLINGTON-DUFFERIN-GUELPH,40-49yrs,38968,166
2021-08-01,WINDSOR-ESSEX COUNTY,40-49yrs,50811,255
2021-08-01,YORK REGION,40-49yrs,162480,694
2021-08-01,ALGOMA DISTRICT,50-59yrs,16446,155
2021-08-01,BRANT COUNTY,50-59yrs,21321,69
2021-08-01,CHATHAM-KENT,50-59yrs,15450,7
2021-08-01,CITY OF HAMILTON,50-59yrs,80704,370
2021-08-01,CITY OF OTTAWA,50-59yrs,139786,661
2021-08-01,DURHAM REGION,50-59yrs,104381,457
2021-08-01,EASTERN ONTARIO,50-59yrs,32885,80
2021-08-01,GREY BRUCE,50-59yrs,24279,26
2021-08-01,HALDIMAND-NORFOLK,50-59yrs,17361,18
2021-08-01,HALIBURTON KAWARTHA PINE RIDGE,50-59yrs,30845,102
2021-08-01,HALTON REGION,50-59yrs,85689,843
2021-08-01,HASTINGS & PRINCE EDWARD COUNTIES,50-59yrs,26066,33
2021-08-01,HURON PERTH,50-59yrs,19413,106
2021-08-01,KINGSTON FRONTENAC LENNOX & ADDINGTON,50-59yrs,29814,78
2021-08-01,LAMBTON COUNTY,50-59yrs,18136,14
2021-08-01,LEEDS GRENVILLE AND LANARK DISTRICT,50-59yrs,28235,124
2021-08-01,MIDDLESEX-LONDON,50-59yrs,66854,242
2021-08-01,NIAGARA REGION,50-59yrs,70296,303
2021-08-01,NORTH BAY PARRY SOUND DISTRICT,50-59yrs,20038,87
2021-08-01,NORTHWESTERN,50-59yrs,11842,1
2021-08-01,PEEL REGION,50-59yrs,217659,893
2021-08-01,PETERBOROUGH COUNTY-CITY,50-59yrs,20821,28
2021-08-01,PORCUPINE,50-59yrs,11988,9
2021-08-01,RENFREW COUNTY AND DISTRICT,50-59yrs,15489,9
2021-08-01,SIMCOE MUSKOKA DISTRICT,50-59yrs,92219,600
2021-08-01,SOUTHWESTERN,50-59yrs,29933,42
2021-08-01,SUDBURY AND DISTRICT,50-59yrs,28981,191
2021-08-01,THUNDER BAY DISTRICT,50-59yrs,20955,13
2021-08-01,TIMISKAMING,50-59yrs,4828,10
2021-08-01,TORONTO,50-59yrs,394894,1420
2021-08-01,WATERLOO REGION,50-59yrs,78016,405
2021-08-01,WELLINGTON-DUFFERIN-GUELPH,50-59yrs,44023,167
2021-08-01,WINDSOR-ESSEX COUNTY,50-59yrs,60800,200
2021-08-01,YORK REGION,50-59yrs,180487,642
2021-08-01,ALGOMA DISTRICT,60-69yrs,18604,156
2021-08-01,BRANT COUNTY,60-69yrs,19812,48
2021-08-01,CHATHAM-KENT,60-69yrs,15770,4
2021-08-01,CITY OF HAMILTON,60-69yrs,72258,264
2021-08-01,CITY OF OTTAWA,60-69yrs,118913,363
2021-08-01,DURHAM REGION,60-69yrs,83972,303
2021-08-01,EASTERN ONTARIO,60-69yrs,31360,55
2021-08-01,GREY BRUCE,60-69yrs,27440,28
2021-08-01,HALDIMAND-NORFOLK,60-69yrs,18117,10
2021-08-01,HALIBURTON KAWARTHA PINE RIDGE,60-69yrs,32828,82
2021-08-01,HALTON REGION,60-69yrs,64619,436
2021-08-01,HASTINGS & PRINCE EDWARD COUNTIES,60-69yrs,26203,28
2021-08-01,HURON PERTH,60-69yrs,19835,58
2021-08-01,KINGSTON FRONTENAC LENNOX & ADDINGTON,60-69yrs,28261,76
2021-08-01,LAMBTON COUNTY,60-69yrs,20502,10
2021-08-01,LEEDS GRENVILLE AND LANARK DISTRICT,60-69yrs,28428,123
2021-08-01,MIDDLESEX-LONDON,60-69yrs,60813,130
2021-08-01,NIAGARA REGION,60-69yrs,66878,192
2021-08-01,NORTH BAY PARRY SOUND DISTRICT,60-69yrs,20502,75
2021-08-01,NORTHWESTERN,60-69yrs,11530,0
2021-08-01,PEEL REGION,60-69yrs,167934,649
2021-08-01,PETERBOROUGH COUNTY-CITY,60-69yrs,22051,23
2021-08-01,PORCUPINE,60-69yrs,12077,3
2021-08-01,RENFREW COUNTY AND DISTRICT,60-69yrs,15644,14
2021-08-01,SIMCOE MUSKOKA DISTRICT,60-69yrs,79793,401
2021-08-01,SOUTHWESTERN,60-69yrs,27383,29
2021-08-01,SUDBURY AND DISTRICT,60-69yrs,28512,97
2021-08-01,THUNDER BAY DISTRICT,60-69yrs,22248,13
2021-08-01,TIMISKAMING,60-69yrs,5410,1
2021-08-01,TORONTO,60-69yrs,327676,966
2021-08-01,WATERLOO REGION,60-69yrs,64550,220
2021-08-01,WELLINGTON-DUFFERIN-GUELPH,60-69yrs,37194,83
2021-08-01,WINDSOR-ESSEX COUNTY,60-69yrs,54082,95
2021-08-01,YORK REGION,60-69yrs,143847,512
2021-08-01,ALGOMA DISTRICT,70-79yrs,12699,46
2021-08-01,BRANT COUNTY,70-79yrs,12716,20
2021-08-01,CHATHAM-KENT,70-79yrs,10558,0
2021-08-01,CITY OF HAMILTON,70-79yrs,45295,145
2021-08-01,CITY OF OTTAWA,70-79yrs,75781,204
2021-08-01,DURHAM REGION,70-79yrs,50080,112
2021-08-01,EASTERN ONTARIO,70-79yrs,20776,33
2021-08-01,GREY BRUCE,70-79yrs,19403,21
2021-08-01,HALDIMAND-NORFOLK,70-79yrs,11809,2
2021-08-01,HALIBURTON KAWARTHA PINE RIDGE,70-79yrs,24747,46
2021-08-01,HALTON REGION,70-79yrs,43839,168
2021-08-01,HASTINGS & PRINCE EDWARD COUNTIES,70-79yrs,18608,12
2021-08-01,HURON PERTH,70-79yrs,13697,12
2021-08-01,KINGSTON FRONTENAC LENNOX & ADDINGTON,70-79yrs,19981,38
2021-08-01,LAMBTON COUNTY,70-79yrs,13758,3
2021-08-01,LEEDS GRENVILLE AND LANARK DISTRICT,70-79yrs,20048,87
2021-08-01,MIDDLESEX-LONDON,70-79yrs,40094,75
2021-08-01,NIAGARA REGION,70-79yrs,48175,165
2021-08-01,NORTH BAY PARRY SOUND DISTRICT,70-79yrs,14235,32
2021-08-01,NORTHWESTERN,70-79yrs,6718,0
2021-08-01,PEEL REGION,70-79yrs,102369,202
2021-08-01,PETERBOROUGH COUNTY-CITY,70-79yrs,15695,2
2021-08-01,PORCUPINE,70-79yrs,6754,0
2021-08-01,RENFREW COUNTY AND DISTRICT,70-79yrs,10814,3
2021-08-01,SIMCOE MUSKOKA DISTRICT,70-79yrs,54104,157
2021-08-01,SOUTHWESTERN,70-79yrs,18637,14
2021-08-01,SUDBURY AND DISTRICT,70-79yrs,18552,44
2021-08-01,THUNDER BAY DISTRICT,70-79yrs,13660,8
2021-08-01,TIMISKAMING,70-79yrs,3541,0
2021-08-01,TORONTO,70-79yrs,202795,487
2021-08-01,WATERLOO REGION,70-79yrs,40380,123
2021-08-01,WELLINGTON-DUFFERIN-GUELPH,70-79yrs,23504,34
2021-08-01,WINDSOR-ESSEX COUNTY,70-79yrs,35970,34
2021-08-01,YORK REGION,70-79yrs,90111,184
2021-08-01,ALGOMA DISTRICT,80+,7929,11
2021-08-01,BRANT COUNTY,80+,7044,7
2021-08-01,CHATHAM-KENT,80+,6269,1
2021-08-01,CITY OF HAMILTON,80+,28319,38
2021-08-01,CITY OF OTTAWA,80+,42388,40
2021-08-01,DURHAM REGION,80+,26420,26
2021-08-01,EASTERN ONTARIO,80+,11219,6
2021-08-01,GREY BRUCE,80+,11147,1
2021-08-01,HALDIMAND-NORFOLK,80+,6382,1
2021-08-01,HALIBURTON KAWARTHA PINE RIDGE,80+,14112,5
2021-08-01,HALTON REGION,80+,25542,50
2021-08-01,HASTINGS & PRINCE EDWARD COUNTIES,80+,10614,3
2021-08-01,HURON PERTH,80+,8279,4
2021-08-01,KINGSTON FRONTENAC LENNOX & ADDINGTON,80+,11314,31
2021-08-01,LAMBTON COUNTY,80+,8068,0
2021-08-01,LEEDS GRENVILLE AND LANARK DISTRICT,80+,10669,23
2021-08-01,MIDDLESEX-LONDON,80+,23219,19
2021-08-01,NIAGARA REGION,80+,29120,43
2021-08-01,NORTH BAY PARRY SOUND DISTRICT,80+,7885,11
2021-08-01,NORTHWESTERN,80+,3618,0
2021-08-01,PEEL REGION,80+,50535,46
2021-08-01,PETERBOROUGH COUNTY-CITY,80+,9476,0
2021-08-01,PORCUPINE,80+,3632,3
2021-08-01,RENFREW COUNTY AND DISTRICT,80+,6453,1
2021-08-01,SIMCOE MUSKOKA DISTRICT,80+,30142,38
2021-08-01,SOUTHWESTERN,80+,10908,2
2021-08-01,SUDBURY AND DISTRICT,80+,10028,15
2021-08-01,THUNDER BAY DISTRICT,80+,7894,2
2021-08-01,TIMISKAMING,80+,1974,0
2021-08-01,TORONTO,80+,144579,228
2021-08-01,WATERLOO REGION,80+,22488,32
2021-08-01,WELLINGTON-DUFFERIN-GUELPH,80+,12749,3
2021-08-01,WINDSOR-ESSEX COUNTY,80+,20462,4
2021-08-01,YORK REGION,80+,48390,79
2021-08-02,ALGOMA DISTRICT,12-17yrs,6504,1
2021-08-02,BRANT COUNTY,12-17yrs,10734,11
2021-08-02,CHATHAM-KENT,12-17yrs,7233,1
2021-08-02,CITY OF HAMILTON,12-17yrs,37018,228
2021-08-02,CITY OF OTTAWA,12-17yrs,66222,867
2021-08-02,DURHAM REGION,12-17yrs,51038,986
2021-08-02,EASTERN ONTARIO,12-17yrs,13423,24
2021-08-02,GREY BRUCE,12-17yrs,10179,3
2021-08-02,HALDIMAND-NORFOLK,12-17yrs,7138,5
2021-08-02,HALIBURTON KAWARTHA PINE RIDGE,12-17yrs,10093,46
2021-08-02,HALTON REGION,12-17yrs,49248,381
2021-08-02,HASTINGS & PRINCE EDWARD COUNTIES,12-17yrs,9953,7
2021-08-02,HURON PERTH,12-17yrs,9790,1
2021-08-02,KINGSTON FRONTENAC LENNOX & ADDINGTON,12-17yrs,11803,205
2021-08-02,LAMBTON COUNTY,12-17yrs,8280,1
2021-08-02,LEEDS GRENVILLE AND LANARK DISTRICT,12-17yrs,10477,149
2021-08-02,MIDDLESEX-LONDON,12-17yrs,31735,191
2021-08-02,NIAGARA REGION,12-17yrs,28353,169
2021-08-02,NORTH BAY PARRY SOUND DISTRICT,12-17yrs,7244,5
2021-08-02,NORTHWESTERN,12-17yrs,6670,3
2021-08-02,PEEL REGION,12-17yrs,118974,908
2021-08-02,PETERBOROUGH COUNTY-CITY,12-17yrs,8041,9
2021-08-02,PORCUPINE,12-17yrs,5754,10
2021-08-02,RENFREW COUNTY AND DISTRICT,12-17yrs,6329,5
2021-08-02,SIMCOE MUSKOKA DISTRICT,12-17yrs,37614,378
2021-08-02,SOUTHWESTERN,12-17yrs,15337,10
2021-08-02,SUDBURY AND DISTRICT,12-17yrs,11889,19
2021-08-02,THUNDER BAY DISTRICT,12-17yrs,9043,5
2021-08-02,TIMISKAMING,12-17yrs,1897,0
2021-08-02,TORONTO,12-17yrs,162546,1020
2021-08-02,WATERLOO REGION,12-17yrs,40049,497
2021-08-02,WELLINGTON-DUFFERIN-GUELPH,12-17yrs,21168,15
2021-08-02,WINDSOR-ESSEX COUNTY,12-17yrs,29770,132
2021-08-02,YORK REGION,12-17yrs,89973,884
2021-08-02,ALGOMA DISTRICT,18-29yrs,15509,3
2021-08-02,BRANT COUNTY,18-29yrs,24059,21
2021-08-02,CHATHAM-KENT,18-29yrs,14984,3
2021-08-02,CITY OF HAMILTON,18-29yrs,100237,387
2021-08-02,CITY OF OTTAWA,18-29yrs,186587,1046
2021-08-02,DURHAM REGION,18-29yrs,114063,453
2021-08-02,EASTERN ONTARIO,18-29yrs,27830,44
2021-08-02,GREY BRUCE,18-29yrs,22126,12
2021-08-02,HALDIMAND-NORFOLK,18-29yrs,15900,7
2021-08-02,HALIBURTON KAWARTHA PINE RIDGE,18-29yrs,22520,46
2021-08-02,HALTON REGION,18-29yrs,95648,883
2021-08-02,HASTINGS & PRINCE EDWARD COUNTIES,18-29yrs,22375,34
2021-08-02,HURON PERTH,18-29yrs,20393,14
2021-08-02,KINGSTON FRONTENAC LENNOX & ADDINGTON,18-29yrs,34068,170
2021-08-02,LAMBTON COUNTY,18-29yrs,18558,15
2021-08-02,LEEDS GRENVILLE AND LANARK DISTRICT,18-29yrs,21695,86
2021-08-02,MIDDLESEX-LONDON,18-29yrs,88180,337
2021-08-02,NIAGARA REGION,18-29yrs,70592,223
2021-08-02,NORTH BAY PARRY SOUND DISTRICT,18-29yrs,17552,13
2021-08-02,NORTHWESTERN,18-29yrs,13990,3
2021-08-02,PEEL REGION,18-29yrs,278974,1892
2021-08-02,PETERBOROUGH COUNTY-CITY,18-29yrs,21688,17
2021-08-02,PORCUPINE,18-29yrs,12232,10
2021-08-02,RENFREW COUNTY AND DISTRICT,18-29yrs,14861,6
2021-08-02,SIMCOE MUSKOKA DISTRICT,18-29yrs,87904,592
2021-08-02,SOUTHWESTERN,18-29yrs,30393,31
2021-08-02,SUDBURY AND DISTRICT,18-29yrs,29436,31
2021-08-02,THUNDER BAY DISTRICT,18-29yrs,22251,14
2021-08-02,TIMISKAMING,18-29yrs,4360,2
2021-08-02,TORONTO,18-29yrs,585930,1860
2021-08-02,WATERLOO REGION,18-29yrs,99244,770
2021-08-02,WELLINGTON-DUFFERIN-GUELPH,18-29yrs,50230,54
2021-08-02,WINDSOR-ESSEX COUNTY,18-29yrs,72405,149
2021-08-02,YORK REGION,18-29yrs,198762,740
2021-08-02,ALGOMA DISTRICT,30-39yrs,12062,3
2021-08-02,BRANT COUNTY,30-39yrs,19698,20
2021-08-02,CHATHAM-KENT,30-39yrs,11594,4
2021-08-02,CITY OF HAMILTON,30-39yrs,84056,245
2021-08-02,CITY OF OTTAWA,30-39yrs,158259,773
2021-08-02,DURHAM REGION,30-39yrs,93632,378
2021-08-02,EASTERN ONTARIO,30-39yrs,21920,24
2021-08-02,GREY BRUCE,30-39yrs,17931,6
2021-08-02,HALDIMAND-NORFOLK,30-39yrs,11852,11
2021-08-02,HALIBURTON KAWARTHA PINE RIDGE,30-39yrs,17429,55
2021-08-02,HALTON REGION,30-39yrs,80648,705
2021-08-02,HASTINGS & PRINCE EDWARD COUNTIES,30-39yrs,17863,25
2021-08-02,HURON PERTH,30-39yrs,14728,9
2021-08-02,KINGSTON FRONTENAC LENNOX & ADDINGTON,30-39yrs,29909,115
2021-08-02,LAMBTON COUNTY,30-39yrs,14493,6
2021-08-02,LEEDS GRENVILLE AND LANARK DISTRICT,30-39yrs,16449,58
2021-08-02,MIDDLESEX-LONDON,30-39yrs,73436,207
2021-08-02,NIAGARA REGION,30-39yrs,54175,143
2021-08-02,NORTH BAY PARRY SOUND DISTRICT,30-39yrs,14543,16
2021-08-02,NORTHWESTERN,30-39yrs,9958,1
2021-08-02,PEEL REGION,30-39yrs,235513,1119
2021-08-02,PETERBOROUGH COUNTY-CITY,30-39yrs,18338,10
2021-08-02,PORCUPINE,30-39yrs,9754,4
2021-08-02,RENFREW COUNTY AND DISTRICT,30-39yrs,13489,5
2021-08-02,SIMCOE MUSKOKA DISTRICT,30-39yrs,74380,468
2021-08-02,SOUTHWESTERN,30-39yrs,24409,16
2021-08-02,SUDBURY AND DISTRICT,30-39yrs,24368,23
2021-08-02,THUNDER BAY DISTRICT,30-39yrs,18511,8
2021-08-02,TIMISKAMING,30-39yrs,3297,1
2021-08-02,TORONTO,30-39yrs,528595,1483
2021-08-02,WATERLOO REGION,30-39yrs,84990,444
2021-08-02,WELLINGTON-DUFFERIN-GUELPH,30-39yrs,42188,33
2021-08-02,WINDSOR-ESSEX COUNTY,30-39yrs,48477,105
2021-08-02,YORK REGION,30-39yrs,155115,551
2021-08-02,ALGOMA DISTRICT,40-49yrs,11665,1
2021-08-02,BRANT COUNTY,40-49yrs,18896,9
2021-08-02,CHATHAM-KENT,40-49yrs,11350,2
2021-08-02,CITY OF HAMILTON,40-49yrs,71673,211
2021-08-02,CITY OF OTTAWA,40-49yrs,134815,630
2021-08-02,DURHAM REGION,40-49yrs,93719,333
2021-08-02,EASTERN ONTARIO,40-49yrs,23559,32
2021-08-02,GREY BRUCE,40-49yrs,16555,6
2021-08-02,HALDIMAND-NORFOLK,40-49yrs,11715,2
2021-08-02,HALIBURTON KAWARTHA PINE RIDGE,40-49yrs,17924,36
2021-08-02,HALTON REGION,40-49yrs,88209,693
2021-08-02,HASTINGS & PRINCE EDWARD COUNTIES,40-49yrs,17924,29
2021-08-02,HURON PERTH,40-49yrs,14709,11
2021-08-02,KINGSTON FRONTENAC LENNOX & ADDINGTON,40-49yrs,24416,75
2021-08-02,LAMBTON COUNTY,40-49yrs,13713,2
2021-08-02,LEEDS GRENVILLE AND LANARK DISTRICT,40-49yrs,18360,64
2021-08-02,MIDDLESEX-LONDON,40-49yrs,59863,152
2021-08-02,NIAGARA REGION,40-49yrs,52093,129
2021-08-02,NORTH BAY PARRY SOUND DISTRICT,40-49yrs,13844,7
2021-08-02,NORTHWESTERN,40-49yrs,9699,1
2021-08-02,PEEL REGION,40-49yrs,220945,793
2021-08-02,PETERBOROUGH COUNTY-CITY,40-49yrs,14923,11
2021-08-02,PORCUPINE,40-49yrs,9835,5
2021-08-02,RENFREW COUNTY AND DISTRICT,40-49yrs,11851,2
2021-08-02,SIMCOE MUSKOKA DISTRICT,40-49yrs,72346,428
2021-08-02,SOUTHWESTERN,40-49yrs,25213,23
2021-08-02,SUDBURY AND DISTRICT,40-49yrs,23893,21
2021-08-02,THUNDER BAY DISTRICT,40-49yrs,17224,3
2021-08-02,TIMISKAMING,40-49yrs,3499,0
2021-08-02,TORONTO,40-49yrs,423307,1030
2021-08-02,WATERLOO REGION,40-49yrs,76587,337
2021-08-02,WELLINGTON-DUFFERIN-GUELPH,40-49yrs,38968,21
2021-08-02,WINDSOR-ESSEX COUNTY,40-49yrs,50811,93
2021-08-02,YORK REGION,40-49yrs,162480,520
2021-08-02,ALGOMA DISTRICT,50-59yrs,16446,3
2021-08-02,BRANT COUNTY,50-59yrs,21321,11
2021-08-02,CHATHAM-KENT,50-59yrs,15450,0
2021-08-02,CITY OF HAMILTON,50-59yrs,80704,212
2021-08-02,CITY OF OTTAWA,50-59yrs,139786,521
2021-08-02,DURHAM REGION,50-59yrs,104381,293
2021-08-02,EASTERN ONTARIO,50-59yrs,32885,24
2021-08-02,GREY BRUCE,50-59yrs,24279,6
2021-08-02,HALDIMAND-NORFOLK,50-59yrs,17361,3
2021-08-02,HALIBURTON KAWARTHA PINE RIDGE,50-59yrs,30845,63
2021-08-02,HALTON REGION,50-59yrs,85689,662
2021-08-02,HASTINGS & PRINCE EDWARD COUNTIES,50-59yrs,26066,29
2021-08-02,HURON PERTH,50-59yrs,19413,6
2021-08-02,KINGSTON FRONTENAC LENNOX & ADDINGTON,50-59yrs,29814,99
2021-08-02,LAMBTON COUNTY,50-59yrs,18136,7
2021-08-02,LEEDS GRENVILLE AND LANARK DISTRICT,50-59yrs,28235,66
2021-08-02,MIDDLESEX-LONDON,50-59yrs,66854,132
2021-08-02,NIAGARA REGION,50-59yrs,70296,121
2021-08-02,NORTH BAY PARRY SOUND DISTRICT,50-59yrs,20038,11
2021-08-02,NORTHWESTERN,50-59yrs,11842,1
2021-08-02,PEEL REGION,50-59yrs,217659,678
2021-08-02,PETERBOROUGH COUNTY-CITY,50-59yrs,20821,7
2021-08-02,PORCUPINE,50-59yrs,11988,7
2021-08-02,RENFREW COUNTY AND DISTRICT,50-59yrs,15489,4
2021-08-02,SIMCOE MUSKOKA DISTRICT,50-59yrs,92219,511
2021-08-02,SOUTHWESTERN,50-59yrs,29933,11
2021-08-02,SUDBURY AND DISTRICT,50-59yrs,28981,19
2021-08-02,THUNDER BAY DISTRICT,50-59yrs,20955,3
2021-08-02,TIMISKAMING,50-59yrs,4828,0
2021-08-02,TORONTO,50-59yrs,394894,971
2021-08-02,WATERLOO REGION,50-59yrs,78016,271
2021-08-02,WELLINGTON-DUFFERIN-GUELPH,50-59yrs,44023,23
2021-08-02,WINDSOR-ESSEX COUNTY,50-59yrs,60800,83
2021-08-02,YORK REGION,50-59yrs,180487,508
2021-08-02,ALGOMA DISTRICT,60-69yrs,18604,0
2021-08-02,BRANT COUNTY,60-69yrs,19812,3
2021-08-02,CHATHAM-KENT,60-69yrs,15770,2
2021-08-02,CITY OF HAMILTON,60-69yrs,72258,148
2021-08-02,CITY OF OTTAWA,60-69yrs,118913,297
2021-08-02,DURHAM REGION,60-69yrs,83972,258
2021-08-02,EASTERN ONTARIO,60-69yrs,31360,10
2021-08-02,GREY BRUCE,60-69yrs,27440,13
2021-08-02,HALDIMAND-NORFOLK,60-69yrs,18117,3
2021-08-02,HALIBURTON KAWARTHA PINE RIDGE,60-69yrs,32828,51
2021-08-02,HALTON REGION,60-69yrs,64619,397
2021-08-02,HASTINGS & PRINCE EDWARD COUNTIES,60-69yrs,26203,23
2021-08-02,HURON PERTH,60-69yrs,19835,3
2021-08-02,KINGSTON FRONTENAC LENNOX & ADDINGTON,60-69yrs,28261,61
2021-08-02,LAMBTON COUNTY,60-69yrs,20502,1
2021-08-02,LEEDS GRENVILLE AND LANARK DISTRICT,60-69yrs,28428,73
2021-08-02,MIDDLESEX-LONDON,60-69yrs,60813,62
2021-08-02,NIAGARA REGION,60-69yrs,66878,85
2021-08-02,NORTH BAY PARRY SOUND DISTRICT,60-69yrs,20502,12
2021-08-02,NORTHWESTERN,60-69yrs,11530,1
2021-08-02,PEEL REGION,60-69yrs,167934,440
2021-08-02,PETERBOROUGH COUNTY-CITY,60-69yrs,22051,7
2021-08-02,PORCUPINE,60-69yrs,12077,4
2021-08-02,RENFREW COUNTY AND DISTRICT,60-69yrs,15644,0
2021-08-02,SIMCOE MUSKOKA DISTRICT,60-69yrs,79793,468
2021-08-02,SOUTHWESTERN,60-69yrs,27383,10
2021-08-02,SUDBURY AND DISTRICT,60-69yrs,28512,5
2021-08-02,THUNDER BAY DISTRICT,60-69yrs,22248,2
2021-08-02,TIMISKAMING,60-69yrs,5410,0
2021-08-02,TORONTO,60-69yrs,327676,636
2021-08-02,WATERLOO REGION,60-69yrs,64550,135
2021-08-02,WELLINGTON-DUFFERIN-GUELPH,60-69yrs,37194,11
2021-08-02,WINDSOR-ESSEX COUNTY,60-69yrs,54082,35
2021-08-02,YORK REGION,60-69yrs,143847,306
2021-08-02,ALGOMA DISTRICT,70-79yrs,12699,1
2021-08-02,BRANT COUNTY,70-79yrs,12716,3
2021-08-02,CHATHAM-KENT,70-79yrs,10558,0
2021-08-02,CITY OF HAMILTON,70-79yrs,45295,56
2021-08-02,CITY OF OTTAWA,70-79yrs,75781,195
2021-08-02,DURHAM REGION,70-79yrs,50080,115
2021-08-02,EASTERN ONTARIO,70-79yrs,20776,5
2021-08-02,GREY BRUCE,70-79yrs,19403,2
2021-08-02,HALDIMAND-NORFOLK,70-79yrs,11809,0
2021-08-02,HALIBURTON KAWARTHA PINE RIDGE,70-79yrs,24747,12
2021-08-02,HALTON REGION,70-79yrs,43839,158
2021-08-02,HASTINGS & PRINCE EDWARD COUNTIES,70-79yrs,18608,2
2021-08-02,HURON PERTH,70-79yrs,13697,0
2021-08-02,KINGSTON FRONTENAC LENNOX & ADDINGTON,70-79yrs,19981,33
2021-08-02,LAMBTON COUNTY,70-79yrs,13758,3
2021-08-02,LEEDS GRENVILLE AND LANARK DISTRICT,70-79yrs,20048,48
2021-08-02,MIDDLESEX-LONDON,70-79yrs,40094,32
2021-08-02,NIAGARA REGION,70-79yrs,48175,255
2021-08-02,NORTH BAY PARRY SOUND DISTRICT,70-79yrs,14235,4
2021-08-02,NORTHWESTERN,70-79yrs,6718,0
2021-08-02,PEEL REGION,70-79yrs,102369,164
2021-08-02,PETERBOROUGH COUNTY-CITY,70-79yrs,15695,1
2021-08-02,PORCUPINE,70-79yrs,6754,1
2021-08-02,RENFREW COUNTY AND DISTRICT,70-79yrs,10814,1
2021-08-02,SIMCOE MUSKOKA DISTRICT,70-79yrs,54104,129
2021-08-02,SOUTHWESTERN,70-79yrs,18637,8
2021-08-02,SUDBURY AND DISTRICT,70-79yrs,18552,1
2021-08-02,THUNDER BAY DISTRICT,70-79yrs,13660,1
2021-08-02,TIMISKAMING,70-79yrs,3541,0
2021-08-02,TORONTO,70-79yrs,202795,301
2021-08-02,WATERLOO REGION,70-79yrs,40380,57
2021-08-02,WELLINGTON-DUFFERIN-GUELPH,70-79yrs,23504,7
2021-08-02,WINDSOR-ESSEX COUNTY,70-79yrs,35970,12
2021-08-02,YORK REGION,70-79yrs,90111,114
2021-08-02,ALGOMA DISTRICT,80+,7929,0
2021-08-02,BRANT COUNTY,80+,7044,2
2021-08-02,CHATHAM-KENT,80+,6269,0
2021-08-02,CITY OF HAMILTON,80+,28319,24
2021-08-02,CITY OF OTTAWA,80+,42388,36
2021-08-02,DURHAM REGION,80+,26420,28
2021-08-02,EASTERN ONTARIO,80+,11219,0
2021-08-02,GREY BRUCE,80+,11147,0
2021-08-02,HALDIMAND-NORFOLK,80+,6382,0
2021-08-02,HALIBURTON KAWARTHA PINE RIDGE,80+,14112,3
2021-08-02,HALTON REGION,80+,25542,34
2021-08-02,HASTINGS & PRINCE EDWARD COUNTIES,80+,10614,0
2021-08-02,HURON PERTH,80+,8279,0
2021-08-02,KINGSTON FRONTENAC LENNOX & ADDINGTON,80+,11314,17
2021-08-02,LAMBTON COUNTY,80+,8068,0
2021-08-02,LEEDS GRENVILLE AND LANARK DISTRICT,80+,10669,4
2021-08-02,MIDDLESEX-LONDON,80+,23219,6
2021-08-02,NIAGARA REGION,80+,29120,25
2021-08-02,NORTH BAY PARRY SOUND DISTRICT,80+,7885,1
2021-08-02,NORTHWESTERN,80+,3618,0
2021-08-02,PEEL REGION,80+,50535,56
2021-08-02,PETERBOROUGH COUNTY-CITY,80+,9476,0
2021-08-02,PORCUPINE,80+,3632,0
2021-08-02,RENFREW COUNTY AND DISTRICT,80+,6453,0
2021-08-02,SIMCOE MUSKOKA DISTRICT,80+,30142,54
2021-08-02,SOUTHWESTERN,80+,10908,0
2021-08-02,SUDBURY AND DISTRICT,80+,10028,1
2021-08-02,THUNDER BAY DISTRICT,80+,7894,1
2021-08-02,TIMISKAMING,80+,1974,0
2021-08-02,TORONTO,80+,144579,139
2021-08-02,WATERLOO REGION,80+,22488,13
2021-08-02,WELLINGTON-DUFFERIN-GUELPH,80+,12749,1
2021-08-02,WINDSOR-ESSEX COUNTY,80+,20462,6
2021-08-02,YORK REGION,80+,48390,46
2021-08-03,ALGOMA DISTRICT,12-17yrs,6504,8
2021-08-03,BRANT COUNTY,12-17yrs,10734,8
2021-08-03,CHATHAM-KENT,12-17yrs,7233,1
2021-08-03,CITY OF HAMILTON,12-17yrs,37018,250
2021-08-03,CITY OF OTTAWA,12-17yrs,66222,746
2021-08-03,DURHAM REGION,12-17yrs,51038,1006
2021-08-03,EASTERN ONTARIO,12-17yrs,13423,23
2021-08-03,GREY BRUCE,12-17yrs,10179,22
2021-08-03,HALDIMAND-NORFOLK,12-17yrs,7138,10
2021-08-03,HALIBURTON KAWARTHA PINE RIDGE,12-17yrs,10093,43
2021-08-03,HALTON REGION,12-17yrs,49248,284
2021-08-03,HASTINGS & PRINCE EDWARD COUNTIES,12-17yrs,9953,26
2021-08-03,HURON PERTH,12-17yrs,9790,1
2021-08-03,KINGSTON FRONTENAC LENNOX & ADDINGTON,12-17yrs,11803,96
2021-08-03,LAMBTON COUNTY,12-17yrs,8280,0
2021-08-03,LEEDS GRENVILLE AND LANARK DISTRICT,12-17yrs,10477,20
2021-08-03,MIDDLESEX-LONDON,12-17yrs,31735,203
2021-08-03,NIAGARA REGION,12-17yrs,28353,46
2021-08-03,NORTH BAY PARRY SOUND DISTRICT,12-17yrs,7244,8
2021-08-03,NORTHWESTERN,12-17yrs,6670,0
2021-08-03,PEEL REGION,12-17yrs,118974,464
2021-08-03,PETERBOROUGH COUNTY-CITY,12-17yrs,8041,11
2021-08-03,PORCUPINE,12-17yrs,5754,69
2021-08-03,RENFREW COUNTY AND DISTRICT,12-17yrs,6329,7
2021-08-03,SIMCOE MUSKOKA DISTRICT,12-17yrs,37614,444
2021-08-03,SOUTHWESTERN,12-17yrs,15337,351
2021-08-03,SUDBURY AND DISTRICT,12-17yrs,11889,14
2021-08-03,THUNDER BAY DISTRICT,12-17yrs,9043,4
2021-08-03,TIMISKAMING,12-17yrs,1897,0
2021-08-03,TORONTO,12-17yrs,162546,614
2021-08-03,WATERLOO REGION,12-17yrs,40049,342
2021-08-03,WELLINGTON-DUFFERIN-GUELPH,12-17yrs,21168,20
2021-08-03,WINDSOR-ESSEX COUNTY,12-17yrs,29770,155
2021-08-03,YORK REGION,12-17yrs,89973,550
2021-08-03,ALGOMA DISTRICT,18-29yrs,15509,19
2021-08-03,BRANT COUNTY,18-29yrs,24059,6
2021-08-03,CHATHAM-KENT,18-29yrs,14984,3
2021-08-03,CITY OF HAMILTON,18-29yrs,100237,295
2021-08-03,CITY OF OTTAWA,18-29yrs,186587,844
2021-08-03,DURHAM REGION,18-29yrs,114063,456
2021-08-03,EASTERN ONTARIO,18-29yrs,27830,57
2021-08-03,GREY BRUCE,18-29yrs,22126,18
2021-08-03,HALDIMAND-NORFOLK,18-29yrs,15900,9
2021-08-03,HALIBURTON KAWARTHA PINE RIDGE,18-29yrs,22520,50
2021-08-03,HALTON REGION,18-29yrs,95648,690
2021-08-03,HASTINGS & PRINCE EDWARD COUNTIES,18-29yrs,22375,39
2021-08-03,HURON PERTH,18-29yrs,20393,11
2021-08-03,KINGSTON FRONTENAC LENNOX & ADDINGTON,18-29yrs,34068,110
2021-08-03,LAMBTON COUNTY,18-29yrs,18558,8
2021-08-03,LEEDS GRENVILLE AND LANARK DISTRICT,18-29yrs,21695,39
2021-08-03,MIDDLESEX-LONDON,18-29yrs,88180,316
2021-08-03,NIAGARA REGION,18-29yrs,70592,95
2021-08-03,NORTH BAY PARRY SOUND DISTRICT,18-29yrs,17552,15
2021-08-03,NORTHWESTERN,18-29yrs,13990,5
2021-08-03,PEEL REGION,18-29yrs,278974,942
2021-08-03,PETERBOROUGH COUNTY-CITY,18-29yrs,21688,18
2021-08-03,PORCUPINE,18-29yrs,12232,26
2021-08-03,RENFREW COUNTY AND DISTRICT,18-29yrs,14861,13
2021-08-03,SIMCOE MUSKOKA DISTRICT,18-29yrs,87904,577
2021-08-03,SOUTHWESTERN,18-29yrs,30393,210
2021-08-03,SUDBURY AND DISTRICT,18-29yrs,29436,25
2021-08-03,THUNDER BAY DISTRICT,18-29yrs,22251,18
2021-08-03,TIMISKAMING,18-29yrs,4360,0
2021-08-03,TORONTO,18-29yrs,585930,1098
2021-08-03,WATERLOO REGION,18-29yrs,99244,481
2021-08-03,WELLINGTON-DUFFERIN-GUELPH,18-29yrs,50230,40
2021-08-03,WINDSOR-ESSEX COUNTY,18-29yrs,72405,216
2021-08-03,YORK REGION,18-29yrs,198762,455
2021-08-03,ALGOMA DISTRICT,30-39yrs,12062,14
2021-08-03,BRANT COUNTY,30-39yrs,19698,2
2021-08-03,CHATHAM-KENT,30-39yrs,11594,2
2021-08-03,CITY OF HAMILTON,30-39yrs,84056,216
2021-08-03,CITY OF OTTAWA,30-39yrs,158259,610
2021-08-03,DURHAM REGION,30-39yrs,93632,309
2021-08-03,EASTERN ONTARIO,30-39yrs,21920,42
2021-08-03,GREY BRUCE,30-39yrs,17931,21
2021-08-03,HALDIMAND-NORFOLK,30-39yrs,11852,11
2021-08-03,HALIBURTON KAWARTHA PINE RIDGE,30-39yrs,17429,31
2021-08-03,HALTON REGION,30-39yrs,80648,480
2021-08-03,HASTINGS & PRINCE EDWARD COUNTIES,30-39yrs,17863,46
2021-08-03,HURON PERTH,30-39yrs,14728,3
2021-08-03,KINGSTON FRONTENAC LENNOX & ADDINGTON,30-39yrs,29909,73
2021-08-03,LAMBTON COUNTY,30-39yrs,14493,5
2021-08-03,LEEDS GRENVILLE AND LANARK DISTRICT,30-39yrs,16449,31
2021-08-03,MIDDLESEX-LONDON,30-39yrs,73436,209
2021-08-03,NIAGARA REGION,30-39yrs,54175,54
2021-08-03,NORTH BAY PARRY SOUND DISTRICT,30-39yrs,14543,15
2021-08-03,NORTHWESTERN,30-39yrs,9958,5
2021-08-03,PEEL REGION,30-39yrs,235513,516
2021-08-03,PETERBOROUGH COUNTY-CITY,30-39yrs,18338,7
2021-08-03,PORCUPINE,30-39yrs,9754,12
2021-08-03,RENFREW COUNTY AND DISTRICT,30-39yrs,13489,9
2021-08-03,SIMCOE MUSKOKA DISTRICT,30-39yrs,74380,457
2021-08-03,SOUTHWESTERN,30-39yrs,24409,139
2021-08-03,SUDBURY AND DISTRICT,30-39yrs,24368,18
2021-08-03,THUNDER BAY DISTRICT,30-39yrs,18511,12
2021-08-03,TIMISKAMING,30-39yrs,3297,0
2021-08-03,TORONTO,30-39yrs,528595,785
2021-08-03,WATERLOO REGION,30-39yrs,84990,259
2021-08-03,WELLINGTON-DUFFERIN-GUELPH,30-39yrs,42188,33
2021-08-03,WINDSOR-ESSEX COUNTY,30-39yrs,48477,119
2021-08-03,YORK REGION,30-39yrs,155115,343
2021-08-03,ALGOMA DISTRICT,40-49yrs,11665,11
2021-08-03,BRANT COUNTY,40-49yrs,18896,8
2021-08-03,CHATHAM-KENT,40-49yrs,11350,1
2021-08-03,CITY OF HAMILTON,40-49yrs,71673,185
2021-08-03,CITY OF OTTAWA,40-49yrs,134815,501
2021-08-03,DURHAM REGION,40-49yrs,93719,306
2021-08-03,EASTERN ONTARIO,40-49yrs,23559,46
2021-08-03,GREY BRUCE,40-49yrs,16555,17
2021-08-03,HALDIMAND-NORFOLK,40-49yrs,11715,5
2021-08-03,HALIBURTON KAWARTHA PINE RIDGE,40-49yrs,17924,20
2021-08-03,HALTON REGION,40-49yrs,88209,546
2021-08-03,HASTINGS & PRINCE EDWARD COUNTIES,40-49yrs,17924,47
2021-08-03,HURON PERTH,40-49yrs,14709,6
2021-08-03,KINGSTON FRONTENAC LENNOX & ADDINGTON,40-49yrs,24416,57
2021-08-03,LAMBTON COUNTY,40-49yrs,13713,2
2021-08-03,LEEDS GRENVILLE AND LANARK DISTRICT,40-49yrs,18360,19
2021-08-03,MIDDLESEX-LONDON,40-49yrs,59863,146
2021-08-03,NIAGARA REGION,40-49yrs,52093,36
2021-08-03,NORTH BAY PARRY SOUND DISTRICT,40-49yrs,13844,11
2021-08-03,NORTHWESTERN,40-49yrs,9699,0
2021-08-03,PEEL REGION,40-49yrs,220945,436
2021-08-03,PETERBOROUGH COUNTY-CITY,40-49yrs,14923,14
2021-08-03,PORCUPINE,40-49yrs,9835,11
2021-08-03,RENFREW COUNTY AND DISTRICT,40-49yrs,11851,6
2021-08-03,SIMCOE MUSKOKA DISTRICT,40-49yrs,72346,382
2021-08-03,SOUTHWESTERN,40-49yrs,25213,145
2021-08-03,SUDBURY AND DISTRICT,40-49yrs,23893,12
2021-08-03,THUNDER BAY DISTRICT,40-49yrs,17224,5
2021-08-03,TIMISKAMING,40-49yrs,3499,3
2021-08-03,TORONTO,40-49yrs,423307,546
2021-08-03,WATERLOO REGION,40-49yrs,76587,174
2021-08-03,WELLINGTON-DUFFERIN-GUELPH,40-49yrs,38968,18
2021-08-03,WINDSOR-ESSEX COUNTY,40-49yrs,50811,76
2021-08-03,YORK REGION,40-49yrs,162480,284
2021-08-03,ALGOMA DISTRICT,50-59yrs,16446,14
2021-08-03,BRANT COUNTY,50-59yrs,21321,4
2021-08-03,CHATHAM-KENT,50-59yrs,15450,3
2021-08-03,CITY OF HAMILTON,50-59yrs,80704,181
2021-08-03,CITY OF OTTAWA,50-59yrs,139786,396
2021-08-03,DURHAM REGION,50-59yrs,104381,239
2021-08-03,EASTERN ONTARIO,50-59yrs,32885,63
2021-08-03,GREY BRUCE,50-59yrs,24279,14
2021-08-03,HALDIMAND-NORFOLK,50-59yrs,17361,5
2021-08-03,HALIBURTON KAWARTHA PINE RIDGE,50-59yrs,30845,37
2021-08-03,HALTON REGION,50-59yrs,85689,505
2021-08-03,HASTINGS & PRINCE EDWARD COUNTIES,50-59yrs,26066,54
2021-08-03,HURON PERTH,50-59yrs,19413,5
2021-08-03,KINGSTON FRONTENAC LENNOX & ADDINGTON,50-59yrs,29814,54
2021-08-03,LAMBTON COUNTY,50-59yrs,18136,8
2021-08-03,LEEDS GRENVILLE AND LANARK DISTRICT,50-59yrs,28235,26
2021-08-03,MIDDLESEX-LONDON,50-59yrs,66854,129
2021-08-03,NIAGARA REGION,50-59yrs,70296,62
2021-08-03,NORTH BAY PARRY SOUND DISTRICT,50-59yrs,20038,9
2021-08-03,NORTHWESTERN,50-59yrs,11842,1
2021-08-03,PEEL REGION,50-59yrs,217659,343
2021-08-03,PETERBOROUGH COUNTY-CITY,50-59yrs,20821,8
2021-08-03,PORCUPINE,50-59yrs,11988,19
2021-08-03,RENFREW COUNTY AND DISTRICT,50-59yrs,15489,6
2021-08-03,SIMCOE MUSKOKA DISTRICT,50-59yrs,92219,436
2021-08-03,SOUTHWESTERN,50-59yrs,29933,97
2021-08-03,SUDBURY AND DISTRICT,50-59yrs,28981,6
2021-08-03,THUNDER BAY DISTRICT,50-59yrs,20955,7
2021-08-03,TIMISKAMING,50-59yrs,4828,0
2021-08-03,TORONTO,50-59yrs,394894,528
2021-08-03,WATERLOO REGION,50-59yrs,78016,152
2021-08-03,WELLINGTON-DUFFERIN-GUELPH,50-59yrs,44023,17
2021-08-03,WINDSOR-ESSEX COUNTY,50-59yrs,60800,63
2021-08-03,YORK REGION,50-59yrs,180487,298
2021-08-03,ALGOMA DISTRICT,60-69yrs,18604,7
2021-08-03,BRANT COUNTY,60-69yrs,19812,1
2021-08-03,CHATHAM-KENT,60-69yrs,15770,2
2021-08-03,CITY OF HAMILTON,60-69yrs,72258,168
2021-08-03,CITY OF OTTAWA,60-69yrs,118913,273
2021-08-03,DURHAM REGION,60-69yrs,83972,224
2021-08-03,EASTERN ONTARIO,60-69yrs,31360,86
2021-08-03,GREY BRUCE,60-69yrs,27440,13
2021-08-03,HALDIMAND-NORFOLK,60-69yrs,18117,0
2021-08-03,HALIBURTON KAWARTHA PINE RIDGE,60-69yrs,32828,28
2021-08-03,HALTON REGION,60-69yrs,64619,311
2021-08-03,HASTINGS & PRINCE EDWARD COUNTIES,60-69yrs,26203,31
2021-08-03,HURON PERTH,60-69yrs,19835,3
2021-08-03,KINGSTON FRONTENAC LENNOX & ADDINGTON,60-69yrs,28261,32
2021-08-03,LAMBTON COUNTY,60-69yrs,20502,3
2021-08-03,LEEDS GRENVILLE AND LANARK DISTRICT,60-69yrs,28428,22
2021-08-03,MIDDLESEX-LONDON,60-69yrs,60813,81
2021-08-03,NIAGARA REGION,60-69yrs,66878,39
2021-08-03,NORTH BAY PARRY SOUND DISTRICT,60-69yrs,20502,11
2021-08-03,NORTHWESTERN,60-69yrs,11530,1
2021-08-03,PEEL REGION,60-69yrs,167934,264
2021-08-03,PETERBOROUGH COUNTY-CITY,60-69yrs,22051,3
2021-08-03,PORCUPINE,60-69yrs,12077,7
2021-08-03,RENFREW COUNTY AND DISTRICT,60-69yrs,15644,2
2021-08-03,SIMCOE MUSKOKA DISTRICT,60-69yrs,79793,403
2021-08-03,SOUTHWESTERN,60-69yrs,27383,67
2021-08-03,SUDBURY AND DISTRICT,60-69yrs,28512,6
2021-08-03,THUNDER BAY DISTRICT,60-69yrs,22248,7
2021-08-03,TIMISKAMING,60-69yrs,5410,0
2021-08-03,TORONTO,60-69yrs,327676,462
2021-08-03,WATERLOO REGION,60-69yrs,64550,127
2021-08-03,WELLINGTON-DUFFERIN-GUELPH,60-69yrs,37194,13
2021-08-03,WINDSOR-ESSEX COUNTY,60-69yrs,54082,45
2021-08-03,YORK REGION,60-69yrs,143847,262
2021-08-03,ALGOMA DISTRICT,70-79yrs,12699,3
2021-08-03,BRANT COUNTY,70-79yrs,12716,0
2021-08-03,CHATHAM-KENT,70-79yrs,10558,0
2021-08-03,CITY OF HAMILTON,70-79yrs,45295,77
2021-08-03,CITY OF OTTAWA,70-79yrs,75781,186
2021-08-03,DURHAM REGION,70-79yrs,50080,99
2021-08-03,EASTERN ONTARIO,70-79yrs,20776,21
2021-08-03,GREY BRUCE,70-79yrs,19403,14
2021-08-03,HALDIMAND-NORFOLK,70-79yrs,11809,2
2021-08-03,HALIBURTON KAWARTHA PINE RIDGE,70-79yrs,24747,27
2021-08-03,HALTON REGION,70-79yrs,43839,136
2021-08-03,HASTINGS & PRINCE EDWARD COUNTIES,70-79yrs,18608,20
2021-08-03,HURON PERTH,70-79yrs,13697,2
2021-08-03,KINGSTON FRONTENAC LENNOX & ADDINGTON,70-79yrs,19981,21
2021-08-03,LAMBTON COUNTY,70-79yrs,13758,2
2021-08-03,LEEDS GRENVILLE AND LANARK DISTRICT,70-79yrs,20048,10
2021-08-03,MIDDLESEX-LONDON,70-79yrs,40094,52
2021-08-03,NIAGARA REGION,70-79yrs,48175,134
2021-08-03,NORTH BAY PARRY SOUND DISTRICT,70-79yrs,14235,4
2021-08-03,NORTHWESTERN,70-79yrs,6718,0
2021-08-03,PEEL REGION,70-79yrs,102369,119
2021-08-03,PETERBOROUGH COUNTY-CITY,70-79yrs,15695,2
2021-08-03,PORCUPINE,70-79yrs,6754,1
2021-08-03,RENFREW COUNTY AND DISTRICT,70-79yrs,10814,4
2021-08-03,SIMCOE MUSKOKA DISTRICT,70-79yrs,54104,189
2021-08-03,SOUTHWESTERN,70-79yrs,18637,104
2021-08-03,SUDBURY AND DISTRICT,70-79yrs,18552,4
2021-08-03,THUNDER BAY DISTRICT,70-79yrs,13660,2
2021-08-03,TIMISKAMING,70-79yrs,3541,0
2021-08-03,TORONTO,70-79yrs,202795,218
2021-08-03,WATERLOO REGION,70-79yrs,40380,53
2021-08-03,WELLINGTON-DUFFERIN-GUELPH,70-79yrs,23504,11
2021-08-03,WINDSOR-ESSEX COUNTY,70-79yrs,35970,21
2021-08-03,YORK REGION,70-79yrs,90111,96
2021-08-03,ALGOMA DISTRICT,80+,7929,0
2021-08-03,BRANT COUNTY,80+,7044,1
2021-08-03,CHATHAM-KENT,80+,6269,0
2021-08-03,CITY OF HAMILTON,80+,28319,24
2021-08-03,CITY OF OTTAWA,80+,42388,48
2021-08-03,DURHAM REGION,80+,26420,27
2021-08-03,EASTERN ONTARIO,80+,11219,4
2021-08-03,GREY BRUCE,80+,11147,2
2021-08-03,HALDIMAND-NORFOLK,80+,6382,0
2021-08-03,HALIBURTON KAWARTHA PINE RIDGE,80+,14112,7
2021-08-03,HALTON REGION,80+,25542,36
2021-08-03,HASTINGS & PRINCE EDWARD COUNTIES,80+,10614,5
2021-08-03,HURON PERTH,80+,8279,4
2021-08-03,KINGSTON FRONTENAC LENNOX & ADDINGTON,80+,11314,10
2021-08-03,LAMBTON COUNTY,80+,8068,0
2021-08-03,LEEDS GRENVILLE AND LANARK DISTRICT,80+,10669,1
2021-08-03,MIDDLESEX-LONDON,80+,23219,10
2021-08-03,NIAGARA REGION,80+,29120,26
2021-08-03,NORTH BAY PARRY SOUND DISTRICT,80+,7885,0
2021-08-03,NORTHWESTERN,80+,3618,0
2021-08-03,PEEL REGION,80+,50535,63
2021-08-03,PETERBOROUGH COUNTY-CITY,80+,9476,0
2021-08-03,PORCUPINE,80+,3632,2
2021-08-03,RENFREW COUNTY AND DISTRICT,80+,6453,0
2021-08-03,SIMCOE MUSKOKA DISTRICT,80+,30142,39
2021-08-03,SOUTHWESTERN,80+,10908,12
2021-08-03,SUDBURY AND DISTRICT,80+,10028,0
2021-08-03,THUNDER BAY DISTRICT,80+,7894,0
2021-08-03,TIMISKAMING,80+,1974,0
2021-08-03,TORONTO,80+,144579,113
2021-08-03,WATERLOO REGION,80+,22488,20
2021-08-03,WELLINGTON-DUFFERIN-GUELPH,80+,12749,1
2021-08-03,WINDSOR-ESSEX COUNTY,80+,20462,3
2021-08-03,YORK REGION,80+,48390,55
2021-08-04,ALGOMA DISTRICT,12-17yrs,6504,110
2021-08-04,BRANT COUNTY,12-17yrs,10734,119
2021-08-04,CHATHAM-KENT,12-17yrs,7233,175
2021-08-04,CITY OF HAMILTON,12-17yrs,37018,270
2021-08-04,CITY OF OTTAWA,12-17yrs,66222,777
2021-08-04,DURHAM REGION,12-17yrs,51038,848
2021-08-04,EASTERN ONTARIO,12-17yrs,13423,185
2021-08-04,GREY BRUCE,12-17yrs,10179,93
2021-08-04,HALDIMAND-NORFOLK,12-17yrs,7138,63
2021-08-04,HALIBURTON KAWARTHA PINE RIDGE,12-17yrs,10093,213
2021-08-04,HALTON REGION,12-17yrs,49248,372
2021-08-04,HASTINGS & PRINCE EDWARD COUNTIES,12-17yrs,9953,104
2021-08-04,HURON PERTH,12-17yrs,9790,25
2021-08-04,KINGSTON FRONTENAC LENNOX & ADDINGTON,12-17yrs,11803,54
2021-08-04,LAMBTON COUNTY,12-17yrs,8280,222
2021-08-04,LEEDS GRENVILLE AND LANARK DISTRICT,12-17yrs,10477,114
2021-08-04,MIDDLESEX-LONDON,12-17yrs,31735,646
2021-08-04,NIAGARA REGION,12-17yrs,28353,243
2021-08-04,NORTH BAY PARRY SOUND DISTRICT,12-17yrs,7244,34
2021-08-04,NORTHWESTERN,12-17yrs,6670,51
2021-08-04,PEEL REGION,12-17yrs,118974,828
2021-08-04,PETERBOROUGH COUNTY-CITY,12-17yrs,8041,119
2021-08-04,PORCUPINE,12-17yrs,5754,42
2021-08-04,RENFREW COUNTY AND DISTRICT,12-17yrs,6329,178
2021-08-04,SIMCOE MUSKOKA DISTRICT,12-17yrs,37614,418
2021-08-04,SOUTHWESTERN,12-17yrs,15337,362
2021-08-04,SUDBURY AND DISTRICT,12-17yrs,11889,257
2021-08-04,THUNDER BAY DISTRICT,12-17yrs,9043,118
2021-08-04,TIMISKAMING,12-17yrs,1897,12
2021-08-04,TORONTO,12-17yrs,162546,1269
2021-08-04,WATERLOO REGION,12-17yrs,40049,456
2021-08-04,WELLINGTON-DUFFERIN-GUELPH,12-17yrs,21168,375
2021-08-04,WINDSOR-ESSEX COUNTY,12-17yrs,29770,146
2021-08-04,YORK REGION,12-17yrs,89973,685
2021-08-04,ALGOMA DISTRICT,18-29yrs,15509,124
2021-08-04,BRANT COUNTY,18-29yrs,24059,194
2021-08-04,CHATHAM-KENT,18-29yrs,14984,161
2021-08-04,CITY OF HAMILTON,18-29yrs,100237,423
2021-08-04,CITY OF OTTAWA,18-29yrs,186587,855
2021-08-04,DURHAM REGION,18-29yrs,114063,768
2021-08-04,EASTERN ONTARIO,18-29yrs,27830,251
2021-08-04,GREY BRUCE,18-29yrs,22126,90
2021-08-04,HALDIMAND-NORFOLK,18-29yrs,15900,75
2021-08-04,HALIBURTON KAWARTHA PINE RIDGE,18-29yrs,22520,153
2021-08-04,HALTON REGION,18-29yrs,95648,683
2021-08-04,HASTINGS & PRINCE EDWARD COUNTIES,18-29yrs,22375,169
2021-08-04,HURON PERTH,18-29yrs,20393,72
2021-08-04,KINGSTON FRONTENAC LENNOX & ADDINGTON,18-29yrs,34068,137
2021-08-04,LAMBTON COUNTY,18-29yrs,18558,262
2021-08-04,LEEDS GRENVILLE AND LANARK DISTRICT,18-29yrs,21695,131
2021-08-04,MIDDLESEX-LONDON,18-29yrs,88180,706
2021-08-04,NIAGARA REGION,18-29yrs,70592,351
2021-08-04,NORTH BAY PARRY SOUND DISTRICT,18-29yrs,17552,54
2021-08-04,NORTHWESTERN,18-29yrs,13990,26
2021-08-04,PEEL REGION,18-29yrs,278974,1535
2021-08-04,PETERBOROUGH COUNTY-CITY,18-29yrs,21688,165
2021-08-04,PORCUPINE,18-29yrs,12232,26
2021-08-04,RENFREW COUNTY AND DISTRICT,18-29yrs,14861,203
2021-08-04,SIMCOE MUSKOKA DISTRICT,18-29yrs,87904,731
2021-08-04,SOUTHWESTERN,18-29yrs,30393,242
2021-08-04,SUDBURY AND DISTRICT,18-29yrs,29436,320
2021-08-04,THUNDER BAY DISTRICT,18-29yrs,22251,139
2021-08-04,TIMISKAMING,18-29yrs,4360,7
2021-08-04,TORONTO,18-29yrs,585930,2403
2021-08-04,WATERLOO REGION,18-29yrs,99244,779
2021-08-04,WELLINGTON-DUFFERIN-GUELPH,18-29yrs,50230,481
2021-08-04,WINDSOR-ESSEX COUNTY,18-29yrs,72405,259
2021-08-04,YORK REGION,18-29yrs,198762,604
2021-08-04,ALGOMA DISTRICT,30-39yrs,12062,100
2021-08-04,BRANT COUNTY,30-39yrs,19698,161
2021-08-04,CHATHAM-KENT,30-39yrs,11594,117
2021-08-04,CITY OF HAMILTON,30-39yrs,84056,306
2021-08-04,CITY OF OTTAWA,30-39yrs,158259,763
2021-08-04,DURHAM REGION,30-39yrs,93632,660
2021-08-04,EASTERN ONTARIO,30-39yrs,21920,183
2021-08-04,GREY BRUCE,30-39yrs,17931,84
2021-08-04,HALDIMAND-NORFOLK,30-39yrs,11852,54
2021-08-04,HALIBURTON KAWARTHA PINE RIDGE,30-39yrs,17429,106
2021-08-04,HALTON REGION,30-39yrs,80648,600
2021-08-04,HASTINGS & PRINCE EDWARD COUNTIES,30-39yrs,17863,134
2021-08-04,HURON PERTH,30-39yrs,14728,52
2021-08-04,KINGSTON FRONTENAC LENNOX & ADDINGTON,30-39yrs,29909,90
2021-08-04,LAMBTON COUNTY,30-39yrs,14493,166
2021-08-04,LEEDS GRENVILLE AND LANARK DISTRICT,30-39yrs,16449,98
2021-08-04,MIDDLESEX-LONDON,30-39yrs,73436,486
2021-08-04,NIAGARA REGION,30-39yrs,54175,271
2021-08-04,NORTH BAY PARRY SOUND DISTRICT,30-39yrs,14543,61
2021-08-04,NORTHWESTERN,30-39yrs,9958,20
2021-08-04,PEEL REGION,30-39yrs,235513,998
2021-08-04,PETERBOROUGH COUNTY-CITY,30-39yrs,18338,103
2021-08-04,PORCUPINE,30-39yrs,9754,18
2021-08-04,RENFREW COUNTY AND DISTRICT,30-39yrs,13489,149
2021-08-04,SIMCOE MUSKOKA DISTRICT,30-39yrs,74380,578
2021-08-04,SOUTHWESTERN,30-39yrs,24409,171
2021-08-04,SUDBURY AND DISTRICT,30-39yrs,24368,191
2021-08-04,THUNDER BAY DISTRICT,30-39yrs,18511,97
2021-08-04,TIMISKAMING,30-39yrs,3297,2
2021-08-04,TORONTO,30-39yrs,528595,1881
2021-08-04,WATERLOO REGION,30-39yrs,84990,467
2021-08-04,WELLINGTON-DUFFERIN-GUELPH,30-39yrs,42188,401
2021-08-04,WINDSOR-ESSEX COUNTY,30-39yrs,48477,178
2021-08-04,YORK REGION,30-39yrs,155115,413
2021-08-04,ALGOMA DISTRICT,40-49yrs,11665,79
2021-08-04,BRANT COUNTY,40-49yrs,18896,144
2021-08-04,CHATHAM-KENT,40-49yrs,11350,95
2021-08-04,CITY OF HAMILTON,40-49yrs,71673,252
2021-08-04,CITY OF OTTAWA,40-49yrs,134815,649
2021-08-04,DURHAM REGION,40-49yrs,93719,549
2021-08-04,EASTERN ONTARIO,40-49yrs,23559,148
2021-08-04,GREY BRUCE,40-49yrs,16555,62
2021-08-04,HALDIMAND-NORFOLK,40-49yrs,11715,66
2021-08-04,HALIBURTON KAWARTHA PINE RIDGE,40-49yrs,17924,110
2021-08-04,HALTON REGION,40-49yrs,88209,700
2021-08-04,HASTINGS & PRINCE EDWARD COUNTIES,40-49yrs,17924,124
2021-08-04,HURON PERTH,40-49yrs,14709,63
2021-08-04,KINGSTON FRONTENAC LENNOX & ADDINGTON,40-49yrs,24416,73
2021-08-04,LAMBTON COUNTY,40-49yrs,13713,189
2021-08-04,LEEDS GRENVILLE AND LANARK DISTRICT,40-49yrs,18360,70
2021-08-04,MIDDLESEX-LONDON,40-49yrs,59863,355
2021-08-04,NIAGARA REGION,40-49yrs,52093,228
2021-08-04,NORTH BAY PARRY SOUND DISTRICT,40-49yrs,13844,55
2021-08-04,NORTHWESTERN,40-49yrs,9699,11
2021-08-04,PEEL REGION,40-49yrs,220945,729
2021-08-04,PETERBOROUGH COUNTY-CITY,40-49yrs,14923,90
2021-08-04,PORCUPINE,40-49yrs,9835,24
2021-08-04,RENFREW COUNTY AND DISTRICT,40-49yrs,11851,112
2021-08-04,SIMCOE MUSKOKA DISTRICT,40-49yrs,72346,540
2021-08-04,SOUTHWESTERN,40-49yrs,25213,181
2021-08-04,SUDBURY AND DISTRICT,40-49yrs,23893,190
2021-08-04,THUNDER BAY DISTRICT,40-49yrs,17224,93
2021-08-04,TIMISKAMING,40-49yrs,3499,5
2021-08-04,TORONTO,40-49yrs,423307,1334
2021-08-04,WATERLOO REGION,40-49yrs,76587,318
2021-08-04,WELLINGTON-DUFFERIN-GUELPH,40-49yrs,38968,284
2021-08-04,WINDSOR-ESSEX COUNTY,40-49yrs,50811,158
2021-08-04,YORK REGION,40-49yrs,162480,450
2021-08-04,ALGOMA DISTRICT,50-59yrs,16446,73
2021-08-04,BRANT COUNTY,50-59yrs,21321,120
2021-08-04,CHATHAM-KENT,50-59yrs,15450,127
2021-08-04,CITY OF HAMILTON,50-59yrs,80704,257
2021-08-04,CITY OF OTTAWA,50-59yrs,139786,444
2021-08-04,DURHAM REGION,50-59yrs,104381,434
2021-08-04,EASTERN ONTARIO,50-59yrs,32885,215
2021-08-04,GREY BRUCE,50-59yrs,24279,65
2021-08-04,HALDIMAND-NORFOLK,50-59yrs,17361,48
2021-08-04,HALIBURTON KAWARTHA PINE RIDGE,50-59yrs,30845,128
2021-08-04,HALTON REGION,50-59yrs,85689,586
2021-08-04,HASTINGS & PRINCE EDWARD COUNTIES,50-59yrs,26066,165
2021-08-04,HURON PERTH,50-59yrs,19413,44
2021-08-04,KINGSTON FRONTENAC LENNOX & ADDINGTON,50-59yrs,29814,108
2021-08-04,LAMBTON COUNTY,50-59yrs,18136,160
2021-08-04,LEEDS GRENVILLE AND LANARK DISTRICT,50-59yrs,28235,117
2021-08-04,MIDDLESEX-LONDON,50-59yrs,66854,294
2021-08-04,NIAGARA REGION,50-59yrs,70296,297
2021-08-04,NORTH BAY PARRY SOUND DISTRICT,50-59yrs,20038,60
2021-08-04,NORTHWESTERN,50-59yrs,11842,12
2021-08-04,PEEL REGION,50-59yrs,217659,622
2021-08-04,PETERBOROUGH COUNTY-CITY,50-59yrs,20821,86
2021-08-04,PORCUPINE,50-59yrs,11988,11
2021-08-04,RENFREW COUNTY AND DISTRICT,50-59yrs,15489,126
2021-08-04,SIMCOE MUSKOKA DISTRICT,50-59yrs,92219,568
2021-08-04,SOUTHWESTERN,50-59yrs,29933,144
2021-08-04,SUDBURY AND DISTRICT,50-59yrs,28981,183
2021-08-04,THUNDER BAY DISTRICT,50-59yrs,20955,91
2021-08-04,TIMISKAMING,50-59yrs,4828,8
2021-08-04,TORONTO,50-59yrs,394894,1241
2021-08-04,WATERLOO REGION,50-59yrs,78016,277
2021-08-04,WELLINGTON-DUFFERIN-GUELPH,50-59yrs,44023,264
2021-08-04,WINDSOR-ESSEX COUNTY,50-59yrs,60800,162
2021-08-04,YORK REGION,50-59yrs,180487,430
2021-08-04,ALGOMA DISTRICT,60-69yrs,18604,67
2021-08-04,BRANT COUNTY,60-69yrs,19812,96
2021-08-04,CHATHAM-KENT,60-69yrs,15770,52
2021-08-04,CITY OF HAMILTON,60-69yrs,72258,196
2021-08-04,CITY OF OTTAWA,60-69yrs,118913,261
2021-08-04,DURHAM REGION,60-69yrs,83972,316
2021-08-04,EASTERN ONTARIO,60-69yrs,31360,191
2021-08-04,GREY BRUCE,60-69yrs,27440,75
2021-08-04,HALDIMAND-NORFOLK,60-69yrs,18117,31
2021-08-04,HALIBURTON KAWARTHA PINE RIDGE,60-69yrs,32828,120
2021-08-04,HALTON REGION,60-69yrs,64619,304
2021-08-04,HASTINGS & PRINCE EDWARD COUNTIES,60-69yrs,26203,171
2021-08-04,HURON PERTH,60-69yrs,19835,29
2021-08-04,KINGSTON FRONTENAC LENNOX & ADDINGTON,60-69yrs,28261,66
2021-08-04,LAMBTON COUNTY,60-69yrs,20502,114
2021-08-04,LEEDS GRENVILLE AND LANARK DISTRICT,60-69yrs,28428,105
2021-08-04,MIDDLESEX-LONDON,60-69yrs,60813,182
2021-08-04,NIAGARA REGION,60-69yrs,66878,252
2021-08-04,NORTH BAY PARRY SOUND DISTRICT,60-69yrs,20502,47
2021-08-04,NORTHWESTERN,60-69yrs,11530,2
2021-08-04,PEEL REGION,60-69yrs,167934,453
2021-08-04,PETERBOROUGH COUNTY-CITY,60-69yrs,22051,96
2021-08-04,PORCUPINE,60-69yrs,12077,15
2021-08-04,RENFREW COUNTY AND DISTRICT,60-69yrs,15644,91
2021-08-04,SIMCOE MUSKOKA DISTRICT,60-69yrs,79793,533
2021-08-04,SOUTHWESTERN,60-69yrs,27383,113
2021-08-04,SUDBURY AND DISTRICT,60-69yrs,28512,102
2021-08-04,THUNDER BAY DISTRICT,60-69yrs,22248,69
2021-08-04,TIMISKAMING,60-69yrs,5410,14
2021-08-04,TORONTO,60-69yrs,327676,975
2021-08-04,WATERLOO REGION,60-69yrs,64550,209
2021-08-04,WELLINGTON-DUFFERIN-GUELPH,60-69yrs,37194,117
2021-08-04,WINDSOR-ESSEX COUNTY,60-69yrs,54082,118
2021-08-04,YORK REGION,60-69yrs,143847,322
2021-08-04,ALGOMA DISTRICT,70-79yrs,12699,16
2021-08-04,BRANT COUNTY,70-79yrs,12716,36
2021-08-04,CHATHAM-KENT,70-79yrs,10558,20
2021-08-04,CITY OF HAMILTON,70-79yrs,45295,79
2021-08-04,CITY OF OTTAWA,70-79yrs,75781,185
2021-08-04,DURHAM REGION,70-79yrs,50080,114
2021-08-04,EASTERN ONTARIO,70-79yrs,20776,129
2021-08-04,GREY BRUCE,70-79yrs,19403,24
2021-08-04,HALDIMAND-NORFOLK,70-79yrs,11809,22
2021-08-04,HALIBURTON KAWARTHA PINE RIDGE,70-79yrs,24747,88
2021-08-04,HALTON REGION,70-79yrs,43839,136
2021-08-04,HASTINGS & PRINCE EDWARD COUNTIES,70-79yrs,18608,66
2021-08-04,HURON PERTH,70-79yrs,13697,10
2021-08-04,KINGSTON FRONTENAC LENNOX & ADDINGTON,70-79yrs,19981,44
2021-08-04,LAMBTON COUNTY,70-79yrs,13758,40
2021-08-04,LEEDS GRENVILLE AND LANARK DISTRICT,70-79yrs,20048,47
2021-08-04,MIDDLESEX-LONDON,70-79yrs,40094,113
2021-08-04,NIAGARA REGION,70-79yrs,48175,218
2021-08-04,NORTH BAY PARRY SOUND DISTRICT,70-79yrs,14235,15
2021-08-04,NORTHWESTERN,70-79yrs,6718,13
2021-08-04,PEEL REGION,70-79yrs,102369,175
2021-08-04,PETERBOROUGH COUNTY-CITY,70-79yrs,15695,62
2021-08-04,PORCUPINE,70-79yrs,6754,5
2021-08-04,RENFREW COUNTY AND DISTRICT,70-79yrs,10814,53
2021-08-04,SIMCOE MUSKOKA DISTRICT,70-79yrs,54104,207
2021-08-04,SOUTHWESTERN,70-79yrs,18637,84
2021-08-04,SUDBURY AND DISTRICT,70-79yrs,18552,39
2021-08-04,THUNDER BAY DISTRICT,70-79yrs,13660,32
2021-08-04,TIMISKAMING,70-79yrs,3541,2
2021-08-04,TORONTO,70-79yrs,202795,484
2021-08-04,WATERLOO REGION,70-79yrs,40380,93
2021-08-04,WELLINGTON-DUFFERIN-GUELPH,70-79yrs,23504,47
2021-08-04,WINDSOR-ESSEX COUNTY,70-79yrs,35970,74
2021-08-04,YORK REGION,70-79yrs,90111,135
2021-08-04,ALGOMA DISTRICT,80+,7929,10
2021-08-04,BRANT COUNTY,80+,7044,10
2021-08-04,CHATHAM-KENT,80+,6269,7
2021-08-04,CITY OF HAMILTON,80+,28319,15
2021-08-04,CITY OF OTTAWA,80+,42388,53
2021-08-04,DURHAM REGION,80+,26420,30
2021-08-04,EASTERN ONTARIO,80+,11219,26
2021-08-04,GREY BRUCE,80+,11147,7
2021-08-04,HALDIMAND-NORFOLK,80+,6382,8
2021-08-04,HALIBURTON KAWARTHA PINE RIDGE,80+,14112,20
2021-08-04,HALTON REGION,80+,25542,25
2021-08-04,HASTINGS & PRINCE EDWARD COUNTIES,80+,10614,15
2021-08-04,HURON PERTH,80+,8279,0
2021-08-04,KINGSTON FRONTENAC LENNOX & ADDINGTON,80+,11314,18
2021-08-04,LAMBTON COUNTY,80+,8068,14
2021-08-04,LEEDS GRENVILLE AND LANARK DISTRICT,80+,10669,18
2021-08-04,MIDDLESEX-LONDON,80+,23219,3
2021-08-04,NIAGARA REGION,80+,29120,59
2021-08-04,NORTH BAY PARRY SOUND DISTRICT,80+,7885,8
2021-08-04,NORTHWESTERN,80+,3618,1
2021-08-04,PEEL REGION,80+,50535,77
2021-08-04,PETERBOROUGH COUNTY-CITY,80+,9476,12
2021-08-04,PORCUPINE,80+,3632,0
2021-08-04,RENFREW COUNTY AND DISTRICT,80+,6453,11
2021-08-04,SIMCOE MUSKOKA DISTRICT,80+,30142,63
2021-08-04,SOUTHWESTERN,80+,10908,56
2021-08-04,SUDBURY AND DISTRICT,80+,10028,16
2021-08-04,THUNDER BAY DISTRICT,80+,7894,6
2021-08-04,TIMISKAMING,80+,1974,0
2021-08-04,TORONTO,80+,144579,205
2021-08-04,WATERLOO REGION,80+,22488,26
2021-08-04,WELLINGTON-DUFFERIN-GUELPH,80+,12749,9
2021-08-04,WINDSOR-ESSEX COUNTY,80+,20462,19
2021-08-04,YORK REGION,80+,48390,64
2021-08-05,ALGOMA DISTRICT,12-17yrs,6504,38
2021-08-05,BRANT COUNTY,12-17yrs,10734,183
2021-08-05,CHATHAM-KENT,12-17yrs,7233,45
2021-08-05,CITY OF HAMILTON,12-17yrs,37018,357
2021-08-05,CITY OF OTTAWA,12-17yrs,66222,478
2021-08-05,DURHAM REGION,12-17yrs,51038,731
2021-08-05,EASTERN ONTARIO,12-17yrs,13423,267
2021-08-05,GREY BRUCE,12-17yrs,10179,110
2021-08-05,HALDIMAND-NORFOLK,12-17yrs,7138,105
2021-08-05,HALIBURTON KAWARTHA PINE RIDGE,12-17yrs,10093,104
2021-08-05,HALTON REGION,12-17yrs,49248,360
2021-08-05,HASTINGS & PRINCE EDWARD COUNTIES,12-17yrs,9953,91
2021-08-05,HURON PERTH,12-17yrs,9790,138
2021-08-05,KINGSTON FRONTENAC LENNOX & ADDINGTON,12-17yrs,11803,114
2021-08-05,LAMBTON COUNTY,12-17yrs,8280,184
2021-08-05,LEEDS GRENVILLE AND LANARK DISTRICT,12-17yrs,10477,367
2021-08-05,MIDDLESEX-LONDON,12-17yrs,31735,561
2021-08-05,NIAGARA REGION,12-17yrs,28353,201
2021-08-05,NORTH BAY PARRY SOUND DISTRICT,12-17yrs,7244,26
2021-08-05,NORTHWESTERN,12-17yrs,6670,143
2021-08-05,PEEL REGION,12-17yrs,118974,856
2021-08-05,PETERBOROUGH COUNTY-CITY,12-17yrs,8041,89
2021-08-05,PORCUPINE,12-17yrs,5754,55
2021-08-05,RENFREW COUNTY AND DISTRICT,12-17yrs,6329,60
2021-08-05,SIMCOE MUSKOKA DISTRICT,12-17yrs,37614,536
2021-08-05,SOUTHWESTERN,12-17yrs,15337,318
2021-08-05,SUDBURY AND DISTRICT,12-17yrs,11889,75
2021-08-05,THUNDER BAY DISTRICT,12-17yrs,9043,86
2021-08-05,TIMISKAMING,12-17yrs,1897,63
2021-08-05,TORONTO,12-17yrs,162546,1178
2021-08-05,WATERLOO REGION,12-17yrs,40049,633
2021-08-05,WELLINGTON-DUFFERIN-GUELPH,12-17yrs,21168,220
2021-08-05,WINDSOR-ESSEX COUNTY,12-17yrs,29770,279
2021-08-05,YORK REGION,12-17yrs,89973,707
2021-08-05,ALGOMA DISTRICT,18-29yrs,15509,53
2021-08-05,BRANT COUNTY,18-29yrs,24059,198
2021-08-05,CHATHAM-KENT,18-29yrs,14984,21
2021-08-05,CITY OF HAMILTON,18-29yrs,100237,507
2021-08-05,CITY OF OTTAWA,18-29yrs,186587,307
2021-08-05,DURHAM REGION,18-29yrs,114063,671
2021-08-05,EASTERN ONTARIO,18-29yrs,27830,392
2021-08-05,GREY BRUCE,18-29yrs,22126,122
2021-08-05,HALDIMAND-NORFOLK,18-29yrs,15900,144
2021-08-05,HALIBURTON KAWARTHA PINE RIDGE,18-29yrs,22520,144
2021-08-05,HALTON REGION,18-29yrs,95648,785
2021-08-05,HASTINGS & PRINCE EDWARD COUNTIES,18-29yrs,22375,174
2021-08-05,HURON PERTH,18-29yrs,20393,157
2021-08-05,KINGSTON FRONTENAC LENNOX & ADDINGTON,18-29yrs,34068,186
2021-08-05,LAMBTON COUNTY,18-29yrs,18558,170
2021-08-05,LEEDS GRENVILLE AND LANARK DISTRICT,18-29yrs,21695,319
2021-08-05,MIDDLESEX-LONDON,18-29yrs,88180,626
2021-08-05,NIAGARA REGION,18-29yrs,70592,338
2021-08-05,NORTH BAY PARRY SOUND DISTRICT,18-29yrs,17552,56
2021-08-05,NORTHWESTERN,18-29yrs,13990,87
2021-08-05,PEEL REGION,18-29yrs,278974,1520
2021-08-05,PETERBOROUGH COUNTY-CITY,18-29yrs,21688,126
2021-08-05,PORCUPINE,18-29yrs,12232,60
2021-08-05,RENFREW COUNTY AND DISTRICT,18-29yrs,14861,93
2021-08-05,SIMCOE MUSKOKA DISTRICT,18-29yrs,87904,870
2021-08-05,SOUTHWESTERN,18-29yrs,30393,221
2021-08-05,SUDBURY AND DISTRICT,18-29yrs,29436,201
2021-08-05,THUNDER BAY DISTRICT,18-29yrs,22251,94
2021-08-05,TIMISKAMING,18-29yrs,4360,66
2021-08-05,TORONTO,18-29yrs,585930,2287
2021-08-05,WATERLOO REGION,18-29yrs,99244,855
2021-08-05,WELLINGTON-DUFFERIN-GUELPH,18-29yrs,50230,360
2021-08-05,WINDSOR-ESSEX COUNTY,18-29yrs,72405,404
2021-08-05,YORK REGION,18-29yrs,198762,683
2021-08-05,ALGOMA DISTRICT,30-39yrs,12062,51
2021-08-05,BRANT COUNTY,30-39yrs,19698,157
2021-08-05,CHATHAM-KENT,30-39yrs,11594,26
2021-08-05,CITY OF HAMILTON,30-39yrs,84056,387
2021-08-05,CITY OF OTTAWA,30-39yrs,158259,295
2021-08-05,DURHAM REGION,30-39yrs,93632,549
2021-08-05,EASTERN ONTARIO,30-39yrs,21920,340
2021-08-05,GREY BRUCE,30-39yrs,17931,98
2021-08-05,HALDIMAND-NORFOLK,30-39yrs,11852,94
2021-08-05,HALIBURTON KAWARTHA PINE RIDGE,30-39yrs,17429,127
2021-08-05,HALTON REGION,30-39yrs,80648,592
2021-08-05,HASTINGS & PRINCE EDWARD COUNTIES,30-39yrs,17863,143
2021-08-05,HURON PERTH,30-39yrs,14728,137
2021-08-05,KINGSTON FRONTENAC LENNOX & ADDINGTON,30-39yrs,29909,90
2021-08-05,LAMBTON COUNTY,30-39yrs,14493,124
2021-08-05,LEEDS GRENVILLE AND LANARK DISTRICT,30-39yrs,16449,256
2021-08-05,MIDDLESEX-LONDON,30-39yrs,73436,422
2021-08-05,NIAGARA REGION,30-39yrs,54175,284
2021-08-05,NORTH BAY PARRY SOUND DISTRICT,30-39yrs,14543,54
2021-08-05,NORTHWESTERN,30-39yrs,9958,62
2021-08-05,PEEL REGION,30-39yrs,235513,900
2021-08-05,PETERBOROUGH COUNTY-CITY,30-39yrs,18338,80
2021-08-05,PORCUPINE,30-39yrs,9754,18
2021-08-05,RENFREW COUNTY AND DISTRICT,30-39yrs,13489,87
2021-08-05,SIMCOE MUSKOKA DISTRICT,30-39yrs,74380,701
2021-08-05,SOUTHWESTERN,30-39yrs,24409,152
2021-08-05,SUDBURY AND DISTRICT,30-39yrs,24368,179
2021-08-05,THUNDER BAY DISTRICT,30-39yrs,18511,67
2021-08-05,TIMISKAMING,30-39yrs,3297,30
2021-08-05,TORONTO,30-39yrs,528595,1766
2021-08-05,WATERLOO REGION,30-39yrs,84990,533
2021-08-05,WELLINGTON-DUFFERIN-GUELPH,30-39yrs,42188,219
2021-08-05,WINDSOR-ESSEX COUNTY,30-39yrs,48477,239
2021-08-05,YORK REGION,30-39yrs,155115,525
2021-08-05,ALGOMA DISTRICT,40-49yrs,11665,45
2021-08-05,BRANT COUNTY,40-49yrs,18896,109
2021-08-05,CHATHAM-KENT,40-49yrs,11350,30
2021-08-05,CITY OF HAMILTON,40-49yrs,71673,333
2021-08-05,CITY OF OTTAWA,40-49yrs,134815,171
2021-08-05,DURHAM REGION,40-49yrs,93719,463
2021-08-05,EASTERN ONTARIO,40-49yrs,23559,361
2021-08-05,GREY BRUCE,40-49yrs,16555,77
2021-08-05,HALDIMAND-NORFOLK,40-49yrs,11715,91
2021-08-05,HALIBURTON KAWARTHA PINE RIDGE,40-49yrs,17924,104
2021-08-05,HALTON REGION,40-49yrs,88209,664
2021-08-05,HASTINGS & PRINCE EDWARD COUNTIES,40-49yrs,17924,123
2021-08-05,HURON PERTH,40-49yrs,14709,81
2021-08-05,KINGSTON FRONTENAC LENNOX & ADDINGTON,40-49yrs,24416,93
2021-08-05,LAMBTON COUNTY,40-49yrs,13713,116
2021-08-05,LEEDS GRENVILLE AND LANARK DISTRICT,40-49yrs,18360,266
2021-08-05,MIDDLESEX-LONDON,40-49yrs,59863,297
2021-08-05,NIAGARA REGION,40-49yrs,52093,225
2021-08-05,NORTH BAY PARRY SOUND DISTRICT,40-49yrs,13844,66
2021-08-05,NORTHWESTERN,40-49yrs,9699,52
2021-08-05,PEEL REGION,40-49yrs,220945,757
2021-08-05,PETERBOROUGH COUNTY-CITY,40-49yrs,14923,70
2021-08-05,PORCUPINE,40-49yrs,9835,22
2021-08-05,RENFREW COUNTY AND DISTRICT,40-49yrs,11851,69
2021-08-05,SIMCOE MUSKOKA DISTRICT,40-49yrs,72346,631
2021-08-05,SOUTHWESTERN,40-49yrs,25213,142
2021-08-05,SUDBURY AND DISTRICT,40-49yrs,23893,154
2021-08-05,THUNDER BAY DISTRICT,40-49yrs,17224,52
2021-08-05,TIMISKAMING,40-49yrs,3499,29
2021-08-05,TORONTO,40-49yrs,423307,1223
2021-08-05,WATERLOO REGION,40-49yrs,76587,424
2021-08-05,WELLINGTON-DUFFERIN-GUELPH,40-49yrs,38968,169
2021-08-05,WINDSOR-ESSEX COUNTY,40-49yrs,50811,234
2021-08-05,YORK REGION,40-49yrs,162480,432
2021-08-05,ALGOMA DISTRICT,50-59yrs,16446,44
2021-08-05,BRANT COUNTY,50-59yrs,21321,102
2021-08-05,CHATHAM-KENT,50-59yrs,15450,25
2021-08-05,CITY OF HAMILTON,50-59yrs,80704,272
2021-08-05,CITY OF OTTAWA,50-59yrs,139786,109
2021-08-05,DURHAM REGION,50-59yrs,104381,431
2021-08-05,EASTERN ONTARIO,50-59yrs,32885,366
2021-08-05,GREY BRUCE,50-59yrs,24279,57
2021-08-05,HALDIMAND-NORFOLK,50-59yrs,17361,82
2021-08-05,HALIBURTON KAWARTHA PINE RIDGE,50-59yrs,30845,143
2021-08-05,HALTON REGION,50-59yrs,85689,511
2021-08-05,HASTINGS & PRINCE EDWARD COUNTIES,50-59yrs,26066,163
2021-08-05,HURON PERTH,50-59yrs,19413,79
2021-08-05,KINGSTON FRONTENAC LENNOX & ADDINGTON,50-59yrs,29814,85
2021-08-05,LAMBTON COUNTY,50-59yrs,18136,117
2021-08-05,LEEDS GRENVILLE AND LANARK DISTRICT,50-59yrs,28235,272
2021-08-05,MIDDLESEX-LONDON,50-59yrs,66854,275
2021-08-05,NIAGARA REGION,50-59yrs,70296,254
2021-08-05,NORTH BAY PARRY SOUND DISTRICT,50-59yrs,20038,64
2021-08-05,NORTHWESTERN,50-59yrs,11842,53
2021-08-05,PEEL REGION,50-59yrs,217659,611
2021-08-05,PETERBOROUGH COUNTY-CITY,50-59yrs,20821,100
2021-08-05,PORCUPINE,50-59yrs,11988,16
2021-08-05,RENFREW COUNTY AND DISTRICT,50-59yrs,15489,86
2021-08-05,SIMCOE MUSKOKA DISTRICT,50-59yrs,92219,678
2021-08-05,SOUTHWESTERN,50-59yrs,29933,130
2021-08-05,SUDBURY AND DISTRICT,50-59yrs,28981,137
2021-08-05,THUNDER BAY DISTRICT,50-59yrs,20955,88
2021-08-05,TIMISKAMING,50-59yrs,4828,34
2021-08-05,TORONTO,50-59yrs,394894,1205
2021-08-05,WATERLOO REGION,50-59yrs,78016,349
2021-08-05,WELLINGTON-DUFFERIN-GUELPH,50-59yrs,44023,212
2021-08-05,WINDSOR-ESSEX COUNTY,50-59yrs,60800,222
2021-08-05,YORK REGION,50-59yrs,180487,466
2021-08-05,ALGOMA DISTRICT,60-69yrs,18604,31
2021-08-05,BRANT COUNTY,60-69yrs,19812,92
2021-08-05,CHATHAM-KENT,60-69yrs,15770,20
2021-08-05,CITY OF HAMILTON,60-69yrs,72258,219
2021-08-05,CITY OF OTTAWA,60-69yrs,118913,66
2021-08-05,DURHAM REGION,60-69yrs,83972,250
2021-08-05,EASTERN ONTARIO,60-69yrs,31360,305
2021-08-05,GREY BRUCE,60-69yrs,27440,47
2021-08-05,HALDIMAND-NORFOLK,60-69yrs,18117,38
2021-08-05,HALIBURTON KAWARTHA PINE RIDGE,60-69yrs,32828,129
2021-08-05,HALTON REGION,60-69yrs,64619,268
2021-08-05,HASTINGS & PRINCE EDWARD COUNTIES,60-69yrs,26203,180
2021-08-05,HURON PERTH,60-69yrs,19835,76
2021-08-05,KINGSTON FRONTENAC LENNOX & ADDINGTON,60-69yrs,28261,98
2021-08-05,LAMBTON COUNTY,60-69yrs,20502,93
2021-08-05,LEEDS GRENVILLE AND LANARK DISTRICT,60-69yrs,28428,319
2021-08-05,MIDDLESEX-LONDON,60-69yrs,60813,165
2021-08-05,NIAGARA REGION,60-69yrs,66878,252
2021-08-05,NORTH BAY PARRY SOUND DISTRICT,60-69yrs,20502,42
2021-08-05,NORTHWESTERN,60-69yrs,11530,31
2021-08-05,PEEL REGION,60-69yrs,167934,443
2021-08-05,PETERBOROUGH COUNTY-CITY,60-69yrs,22051,75
2021-08-05,PORCUPINE,60-69yrs,12077,18
2021-08-05,RENFREW COUNTY AND DISTRICT,60-69yrs,15644,109
2021-08-05,SIMCOE MUSKOKA DISTRICT,60-69yrs,79793,510
2021-08-05,SOUTHWESTERN,60-69yrs,27383,121
2021-08-05,SUDBURY AND DISTRICT,60-69yrs,28512,126
2021-08-05,THUNDER BAY DISTRICT,60-69yrs,22248,55
2021-08-05,TIMISKAMING,60-69yrs,5410,21
2021-08-05,TORONTO,60-69yrs,327676,879
2021-08-05,WATERLOO REGION,60-69yrs,64550,238
2021-08-05,WELLINGTON-DUFFERIN-GUELPH,60-69yrs,37194,83
2021-08-05,WINDSOR-ESSEX COUNTY,60-69yrs,54082,105
2021-08-05,YORK REGION,60-69yrs,143847,321
2021-08-05,ALGOMA DISTRICT,70-79yrs,12699,12
2021-08-05,BRANT COUNTY,70-79yrs,12716,30
2021-08-05,CHATHAM-KENT,70-79yrs,10558,9
2021-08-05,CITY OF HAMILTON,70-79yrs,45295,88
2021-08-05,CITY OF OTTAWA,70-79yrs,75781,42
2021-08-05,DURHAM REGION,70-79yrs,50080,84
2021-08-05,EASTERN ONTARIO,70-79yrs,20776,164
2021-08-05,GREY BRUCE,70-79yrs,19403,23
2021-08-05,HALDIMAND-NORFOLK,70-79yrs,11809,14
2021-08-05,HALIBURTON KAWARTHA PINE RIDGE,70-79yrs,24747,64
2021-08-05,HALTON REGION,70-79yrs,43839,138
2021-08-05,HASTINGS & PRINCE EDWARD COUNTIES,70-79yrs,18608,88
2021-08-05,HURON PERTH,70-79yrs,13697,26
2021-08-05,KINGSTON FRONTENAC LENNOX & ADDINGTON,70-79yrs,19981,41
2021-08-05,LAMBTON COUNTY,70-79yrs,13758,39
2021-08-05,LEEDS GRENVILLE AND LANARK DISTRICT,70-79yrs,20048,170
2021-08-05,MIDDLESEX-LONDON,70-79yrs,40094,113
2021-08-05,NIAGARA REGION,70-79yrs,48175,144
2021-08-05,NORTH BAY PARRY SOUND DISTRICT,70-79yrs,14235,21
2021-08-05,NORTHWESTERN,70-79yrs,6718,7
2021-08-05,PEEL REGION,70-79yrs,102369,202
2021-08-05,PETERBOROUGH COUNTY-CITY,70-79yrs,15695,26
2021-08-05,PORCUPINE,70-79yrs,6754,6
2021-08-05,RENFREW COUNTY AND DISTRICT,70-79yrs,10814,38
2021-08-05,SIMCOE MUSKOKA DISTRICT,70-79yrs,54104,208
2021-08-05,SOUTHWESTERN,70-79yrs,18637,74
2021-08-05,SUDBURY AND DISTRICT,70-79yrs,18552,52
2021-08-05,THUNDER BAY DISTRICT,70-79yrs,13660,36
2021-08-05,TIMISKAMING,70-79yrs,3541,6
2021-08-05,TORONTO,70-79yrs,202795,416
2021-08-05,WATERLOO REGION,70-79yrs,40380,99
2021-08-05,WELLINGTON-DUFFERIN-GUELPH,70-79yrs,23504,23
2021-08-05,WINDSOR-ESSEX COUNTY,70-79yrs,35970,47
2021-08-05,YORK REGION,70-79yrs,90111,134
2021-08-05,ALGOMA DISTRICT,80+,7929,5
2021-08-05,BRANT COUNTY,80+,7044,9
2021-08-05,CHATHAM-KENT,80+,6269,4
2021-08-05,CITY OF HAMILTON,80+,28319,27
2021-08-05,CITY OF OTTAWA,80+,42388,11
2021-08-05,DURHAM REGION,80+,26420,41
2021-08-05,EASTERN ONTARIO,80+,11219,51
2021-08-05,GREY BRUCE,80+,11147,4
2021-08-05,HALDIMAND-NORFOLK,80+,6382,15
2021-08-05,HALIBURTON KAWARTHA PINE RIDGE,80+,14112,10
2021-08-05,HALTON REGION,80+,25542,42
2021-08-05,HASTINGS & PRINCE EDWARD COUNTIES,80+,10614,38
2021-08-05,HURON PERTH,80+,8279,2
2021-08-05,KINGSTON FRONTENAC LENNOX & ADDINGTON,80+,11314,14
2021-08-05,LAMBTON COUNTY,80+,8068,22
2021-08-05,LEEDS GRENVILLE AND LANARK DISTRICT,80+,10669,17
2021-08-05,MIDDLESEX-LONDON,80+,23219,14
2021-08-05,NIAGARA REGION,80+,29120,42
2021-08-05,NORTH BAY PARRY SOUND DISTRICT,80+,7885,9
2021-08-05,NORTHWESTERN,80+,3618,4
2021-08-05,PEEL REGION,80+,50535,74
2021-08-05,PETERBOROUGH COUNTY-CITY,80+,9476,4
2021-08-05,PORCUPINE,80+,3632,3
2021-08-05,RENFREW COUNTY AND DISTRICT,80+,6453,0
2021-08-05,SIMCOE MUSKOKA DISTRICT,80+,30142,65
2021-08-05,SOUTHWESTERN,80+,10908,40
2021-08-05,SUDBURY AND DISTRICT,80+,10028,15
2021-08-05,THUNDER BAY DISTRICT,80+,7894,6
2021-08-05,TIMISKAMING,80+,1974,3
2021-08-05,TORONTO,80+,144579,213
2021-08-05,WATERLOO REGION,80+,22488,46
2021-08-05,WELLINGTON-DUFFERIN-GUELPH,80+,12749,8
2021-08-05,WINDSOR-ESSEX COUNTY,80+,20462,16
2021-08-05,YORK REGION,80+,48390,74
2021-08-06,ALGOMA DISTRICT,12-17yrs,6504,21
2021-08-06,BRANT COUNTY,12-17yrs,10734,154
2021-08-06,CHATHAM-KENT,12-17yrs,7233,181
2021-08-06,CITY OF HAMILTON,12-17yrs,37018,263
2021-08-06,CITY OF OTTAWA,12-17yrs,66222,600
2021-08-06,DURHAM REGION,12-17yrs,51038,719
2021-08-06,EASTERN ONTARIO,12-17yrs,13423,198
2021-08-06,GREY BRUCE,12-17yrs,10179,65
2021-08-06,HALDIMAND-NORFOLK,12-17yrs,7138,29
2021-08-06,HALIBURTON KAWARTHA PINE RIDGE,12-17yrs,10093,87
2021-08-06,HALTON REGION,12-17yrs,49248,292
2021-08-06,HASTINGS & PRINCE EDWARD COUNTIES,12-17yrs,9953,108
2021-08-06,HURON PERTH,12-17yrs,9790,136
2021-08-06,KINGSTON FRONTENAC LENNOX & ADDINGTON,12-17yrs,11803,117
2021-08-06,LAMBTON COUNTY,12-17yrs,8280,71
2021-08-06,LEEDS GRENVILLE AND LANARK DISTRICT,12-17yrs,10477,153
2021-08-06,MIDDLESEX-LONDON,12-17yrs,31735,490
2021-08-06,NIAGARA REGION,12-17yrs,28353,194
2021-08-06,NORTH BAY PARRY SOUND DISTRICT,12-17yrs,7244,27
2021-08-06,NORTHWESTERN,12-17yrs,6670,114
2021-08-06,PEEL REGION,12-17yrs,118974,742
2021-08-06,PETERBOROUGH COUNTY-CITY,12-17yrs,8041,79
2021-08-06,PORCUPINE,12-17yrs,5754,62
2021-08-06,RENFREW COUNTY AND DISTRICT,12-17yrs,6329,79
2021-08-06,SIMCOE MUSKOKA DISTRICT,12-17yrs,37614,377
2021-08-06,SOUTHWESTERN,12-17yrs,15337,393
2021-08-06,SUDBURY AND DISTRICT,12-17yrs,11889,103
2021-08-06,THUNDER BAY DISTRICT,12-17yrs,9043,108
2021-08-06,TIMISKAMING,12-17yrs,1897,24
2021-08-06,TORONTO,12-17yrs,162546,1219
2021-08-06,WATERLOO REGION,12-17yrs,40049,332
2021-08-06,WELLINGTON-DUFFERIN-GUELPH,12-17yrs,21168,312
2021-08-06,WINDSOR-ESSEX COUNTY,12-17yrs,29770,207
2021-08-06,YORK REGION,12-17yrs,89973,551
2021-08-06,ALGOMA DISTRICT,18-29yrs,15509,82
2021-08-06,BRANT COUNTY,18-29yrs,24059,163
2021-08-06,CHATHAM-KENT,18-29yrs,14984,176
2021-08-06,CITY OF HAMILTON,18-29yrs,100237,411
2021-08-06,CITY OF OTTAWA,18-29yrs,186587,872
2021-08-06,DURHAM REGION,18-29yrs,114063,594
2021-08-06,EASTERN ONTARIO,18-29yrs,27830,177
2021-08-06,GREY BRUCE,18-29yrs,22126,81
2021-08-06,HALDIMAND-NORFOLK,18-29yrs,15900,41
2021-08-06,HALIBURTON KAWARTHA PINE RIDGE,18-29yrs,22520,109
2021-08-06,HALTON REGION,18-29yrs,95648,666
2021-08-06,HASTINGS & PRINCE EDWARD COUNTIES,18-29yrs,22375,189
2021-08-06,HURON PERTH,18-29yrs,20393,163
2021-08-06,KINGSTON FRONTENAC LENNOX & ADDINGTON,18-29yrs,34068,177
2021-08-06,LAMBTON COUNTY,18-29yrs,18558,90
2021-08-06,LEEDS GRENVILLE AND LANARK DISTRICT,18-29yrs,21695,139
2021-08-06,MIDDLESEX-LONDON,18-29yrs,88180,677
2021-08-06,NIAGARA REGION,18-29yrs,70592,304
2021-08-06,NORTH BAY PARRY SOUND DISTRICT,18-29yrs,17552,67
2021-08-06,NORTHWESTERN,18-29yrs,13990,138
2021-08-06,PEEL REGION,18-29yrs,278974,1425
2021-08-06,PETERBOROUGH COUNTY-CITY,18-29yrs,21688,126
2021-08-06,PORCUPINE,18-29yrs,12232,74
2021-08-06,RENFREW COUNTY AND DISTRICT,18-29yrs,14861,82
2021-08-06,SIMCOE MUSKOKA DISTRICT,18-29yrs,87904,626
2021-08-06,SOUTHWESTERN,18-29yrs,30393,198
2021-08-06,SUDBURY AND DISTRICT,18-29yrs,29436,91
2021-08-06,THUNDER BAY DISTRICT,18-29yrs,22251,126
2021-08-06,TIMISKAMING,18-29yrs,4360,16
2021-08-06,TORONTO,18-29yrs,585930,2210
2021-08-06,WATERLOO REGION,18-29yrs,99244,574
2021-08-06,WELLINGTON-DUFFERIN-GUELPH,18-29yrs,50230,499
2021-08-06,WINDSOR-ESSEX COUNTY,18-29yrs,72405,291
2021-08-06,YORK REGION,18-29yrs,198762,561
2021-08-06,ALGOMA DISTRICT,30-39yrs,12062,52
2021-08-06,BRANT COUNTY,30-39yrs,19698,134
2021-08-06,CHATHAM-KENT,30-39yrs,11594,145
2021-08-06,CITY OF HAMILTON,30-39yrs,84056,342
2021-08-06,CITY OF OTTAWA,30-39yrs,158259,628
2021-08-06,DURHAM REGION,30-39yrs,93632,508
2021-08-06,EASTERN ONTARIO,30-39yrs,21920,206
2021-08-06,GREY BRUCE,30-39yrs,17931,67
2021-08-06,HALDIMAND-NORFOLK,30-39yrs,11852,42
2021-08-06,HALIBURTON KAWARTHA PINE RIDGE,30-39yrs,17429,99
2021-08-06,HALTON REGION,30-39yrs,80648,569
2021-08-06,HASTINGS & PRINCE EDWARD COUNTIES,30-39yrs,17863,149
2021-08-06,HURON PERTH,30-39yrs,14728,131
2021-08-06,KINGSTON FRONTENAC LENNOX & ADDINGTON,30-39yrs,29909,112
2021-08-06,LAMBTON COUNTY,30-39yrs,14493,76
2021-08-06,LEEDS GRENVILLE AND LANARK DISTRICT,30-39yrs,16449,123
2021-08-06,MIDDLESEX-LONDON,30-39yrs,73436,482
2021-08-06,NIAGARA REGION,30-39yrs,54175,244
2021-08-06,NORTH BAY PARRY SOUND DISTRICT,30-39yrs,14543,41
2021-08-06,NORTHWESTERN,30-39yrs,9958,98
2021-08-06,PEEL REGION,30-39yrs,235513,810
2021-08-06,PETERBOROUGH COUNTY-CITY,30-39yrs,18338,97
2021-08-06,PORCUPINE,30-39yrs,9754,52
2021-08-06,RENFREW COUNTY AND DISTRICT,30-39yrs,13489,83
2021-08-06,SIMCOE MUSKOKA DISTRICT,30-39yrs,74380,534
2021-08-06,SOUTHWESTERN,30-39yrs,24409,204
2021-08-06,SUDBURY AND DISTRICT,30-39yrs,24368,77
2021-08-06,THUNDER BAY DISTRICT,30-39yrs,18511,79
2021-08-06,TIMISKAMING,30-39yrs,3297,12
2021-08-06,TORONTO,30-39yrs,528595,1774
2021-08-06,WATERLOO REGION,30-39yrs,84990,378
2021-08-06,WELLINGTON-DUFFERIN-GUELPH,30-39yrs,42188,439
2021-08-06,WINDSOR-ESSEX COUNTY,30-39yrs,48477,260
2021-08-06,YORK REGION,30-39yrs,155115,480
2021-08-06,ALGOMA DISTRICT,40-49yrs,11665,41
2021-08-06,BRANT COUNTY,40-49yrs,18896,103
2021-08-06,CHATHAM-KENT,40-49yrs,11350,107
2021-08-06,CITY OF HAMILTON,40-49yrs,71673,259
2021-08-06,CITY OF OTTAWA,40-49yrs,134815,518
2021-08-06,DURHAM REGION,40-49yrs,93719,450
2021-08-06,EASTERN ONTARIO,40-49yrs,23559,161
2021-08-06,GREY BRUCE,40-49yrs,16555,59
2021-08-06,HALDIMAND-NORFOLK,40-49yrs,11715,33
2021-08-06,HALIBURTON KAWARTHA PINE RIDGE,40-49yrs,17924,95
2021-08-06,HALTON REGION,40-49yrs,88209,551
2021-08-06,HASTINGS & PRINCE EDWARD COUNTIES,40-49yrs,17924,109
2021-08-06,HURON PERTH,40-49yrs,14709,118
2021-08-06,KINGSTON FRONTENAC LENNOX & ADDINGTON,40-49yrs,24416,95
2021-08-06,LAMBTON COUNTY,40-49yrs,13713,54
2021-08-06,LEEDS GRENVILLE AND LANARK DISTRICT,40-49yrs,18360,92
2021-08-06,MIDDLESEX-LONDON,40-49yrs,59863,313
2021-08-06,NIAGARA REGION,40-49yrs,52093,212
2021-08-06,NORTH BAY PARRY SOUND DISTRICT,40-49yrs,13844,62
2021-08-06,NORTHWESTERN,40-49yrs,9699,66
2021-08-06,PEEL REGION,40-49yrs,220945,671
2021-08-06,PETERBOROUGH COUNTY-CITY,40-49yrs,14923,79
2021-08-06,PORCUPINE,40-49yrs,9835,47
2021-08-06,RENFREW COUNTY AND DISTRICT,40-49yrs,11851,67
2021-08-06,SIMCOE MUSKOKA DISTRICT,40-49yrs,72346,420
2021-08-06,SOUTHWESTERN,40-49yrs,25213,169
2021-08-06,SUDBURY AND DISTRICT,40-49yrs,23893,76
2021-08-06,THUNDER BAY DISTRICT,40-49yrs,17224,63
2021-08-06,TIMISKAMING,40-49yrs,3499,8
2021-08-06,TORONTO,40-49yrs,423307,1221
2021-08-06,WATERLOO REGION,40-49yrs,76587,257
2021-08-06,WELLINGTON-DUFFERIN-GUELPH,40-49yrs,38968,284
2021-08-06,WINDSOR-ESSEX COUNTY,40-49yrs,50811,221
2021-08-06,YORK REGION,40-49yrs,162480,444
2021-08-06,ALGOMA DISTRICT,50-59yrs,16446,53
2021-08-06,BRANT COUNTY,50-59yrs,21321,111
2021-08-06,CHATHAM-KENT,50-59yrs,15450,157
2021-08-06,CITY OF HAMILTON,50-59yrs,80704,264
2021-08-06,CITY OF OTTAWA,50-59yrs,139786,408
2021-08-06,DURHAM REGION,50-59yrs,104381,379
2021-08-06,EASTERN ONTARIO,50-59yrs,32885,146
2021-08-06,GREY BRUCE,50-59yrs,24279,42
2021-08-06,HALDIMAND-NORFOLK,50-59yrs,17361,50
2021-08-06,HALIBURTON KAWARTHA PINE RIDGE,50-59yrs,30845,99
2021-08-06,HALTON REGION,50-59yrs,85689,503
2021-08-06,HASTINGS & PRINCE EDWARD COUNTIES,50-59yrs,26066,185
2021-08-06,HURON PERTH,50-59yrs,19413,96
2021-08-06,KINGSTON FRONTENAC LENNOX & ADDINGTON,50-59yrs,29814,111
2021-08-06,LAMBTON COUNTY,50-59yrs,18136,58
2021-08-06,LEEDS GRENVILLE AND LANARK DISTRICT,50-59yrs,28235,106
2021-08-06,MIDDLESEX-LONDON,50-59yrs,66854,275
2021-08-06,NIAGARA REGION,50-59yrs,70296,200
2021-08-06,NORTH BAY PARRY SOUND DISTRICT,50-59yrs,20038,63
2021-08-06,NORTHWESTERN,50-59yrs,11842,49
2021-08-06,PEEL REGION,50-59yrs,217659,579
2021-08-06,PETERBOROUGH COUNTY-CITY,50-59yrs,20821,95
2021-08-06,PORCUPINE,50-59yrs,11988,34
2021-08-06,RENFREW COUNTY AND DISTRICT,50-59yrs,15489,70
2021-08-06,SIMCOE MUSKOKA DISTRICT,50-59yrs,92219,479
2021-08-06,SOUTHWESTERN,50-59yrs,29933,156
2021-08-06,SUDBURY AND DISTRICT,50-59yrs,28981,88
2021-08-06,THUNDER BAY DISTRICT,50-59yrs,20955,82
2021-08-06,TIMISKAMING,50-59yrs,4828,11
2021-08-06,TORONTO,50-59yrs,394894,1102
2021-08-06,WATERLOO REGION,50-59yrs,78016,235
2021-08-06,WELLINGTON-DUFFERIN-GUELPH,50-59yrs,44023,313
2021-08-06,WINDSOR-ESSEX COUNTY,50-59yrs,60800,223
2021-08-06,YORK REGION,50-59yrs,180487,431
2021-08-06,ALGOMA DISTRICT,60-69yrs,18604,39
2021-08-06,BRANT COUNTY,60-69yrs,19812,83
2021-08-06,CHATHAM-KENT,60-69yrs,15770,80
2021-08-06,CITY OF HAMILTON,60-69yrs,72258,197
2021-08-06,CITY OF OTTAWA,60-69yrs,118913,265
2021-08-06,DURHAM REGION,60-69yrs,83972,240
2021-08-06,EASTERN ONTARIO,60-69yrs,31360,149
2021-08-06,GREY BRUCE,60-69yrs,27440,33
2021-08-06,HALDIMAND-NORFOLK,60-69yrs,18117,31
2021-08-06,HALIBURTON KAWARTHA PINE RIDGE,60-69yrs,32828,94
2021-08-06,HALTON REGION,60-69yrs,64619,269
2021-08-06,HASTINGS & PRINCE EDWARD COUNTIES,60-69yrs,26203,216
2021-08-06,HURON PERTH,60-69yrs,19835,62
2021-08-06,KINGSTON FRONTENAC LENNOX & ADDINGTON,60-69yrs,28261,92
2021-08-06,LAMBTON COUNTY,60-69yrs,20502,35
2021-08-06,LEEDS GRENVILLE AND LANARK DISTRICT,60-69yrs,28428,116
2021-08-06,MIDDLESEX-LONDON,60-69yrs,60813,178
2021-08-06,NIAGARA REGION,60-69yrs,66878,199
2021-08-06,NORTH BAY PARRY SOUND DISTRICT,60-69yrs,20502,72
2021-08-06,NORTHWESTERN,60-69yrs,11530,39
2021-08-06,PEEL REGION,60-69yrs,167934,403
2021-08-06,PETERBOROUGH COUNTY-CITY,60-69yrs,22051,88
2021-08-06,PORCUPINE,60-69yrs,12077,18
2021-08-06,RENFREW COUNTY AND DISTRICT,60-69yrs,15644,48
2021-08-06,SIMCOE MUSKOKA DISTRICT,60-69yrs,79793,307
2021-08-06,SOUTHWESTERN,60-69yrs,27383,118
2021-08-06,SUDBURY AND DISTRICT,60-69yrs,28512,43
2021-08-06,THUNDER BAY DISTRICT,60-69yrs,22248,73
2021-08-06,TIMISKAMING,60-69yrs,5410,9
2021-08-06,TORONTO,60-69yrs,327676,836
2021-08-06,WATERLOO REGION,60-69yrs,64550,173
2021-08-06,WELLINGTON-DUFFERIN-GUELPH,60-69yrs,37194,181
2021-08-06,WINDSOR-ESSEX COUNTY,60-69yrs,54082,128
2021-08-06,YORK REGION,60-69yrs,143847,320
2021-08-06,ALGOMA DISTRICT,70-79yrs,12699,15
2021-08-06,BRANT COUNTY,70-79yrs,12716,23
2021-08-06,CHATHAM-KENT,70-79yrs,10558,27
2021-08-06,CITY OF HAMILTON,70-79yrs,45295,107
2021-08-06,CITY OF OTTAWA,70-79yrs,75781,122
2021-08-06,DURHAM REGION,70-79yrs,50080,95
2021-08-06,EASTERN ONTARIO,70-79yrs,20776,121
2021-08-06,GREY BRUCE,70-79yrs,19403,26
2021-08-06,HALDIMAND-NORFOLK,70-79yrs,11809,10
2021-08-06,HALIBURTON KAWARTHA PINE RIDGE,70-79yrs,24747,36
2021-08-06,HALTON REGION,70-79yrs,43839,130
2021-08-06,HASTINGS & PRINCE EDWARD COUNTIES,70-79yrs,18608,97
2021-08-06,HURON PERTH,70-79yrs,13697,5
2021-08-06,KINGSTON FRONTENAC LENNOX & ADDINGTON,70-79yrs,19981,35
2021-08-06,LAMBTON COUNTY,70-79yrs,13758,14
2021-08-06,LEEDS GRENVILLE AND LANARK DISTRICT,70-79yrs,20048,95
2021-08-06,MIDDLESEX-LONDON,70-79yrs,40094,102
2021-08-06,NIAGARA REGION,70-79yrs,48175,144
2021-08-06,NORTH BAY PARRY SOUND DISTRICT,70-79yrs,14235,34
2021-08-06,NORTHWESTERN,70-79yrs,6718,14
2021-08-06,PEEL REGION,70-79yrs,102369,207
2021-08-06,PETERBOROUGH COUNTY-CITY,70-79yrs,15695,48
2021-08-06,PORCUPINE,70-79yrs,6754,3
2021-08-06,RENFREW COUNTY AND DISTRICT,70-79yrs,10814,17
2021-08-06,SIMCOE MUSKOKA DISTRICT,70-79yrs,54104,152
2021-08-06,SOUTHWESTERN,70-79yrs,18637,74
2021-08-06,SUDBURY AND DISTRICT,70-79yrs,18552,8
2021-08-06,THUNDER BAY DISTRICT,70-79yrs,13660,43
2021-08-06,TIMISKAMING,70-79yrs,3541,1
2021-08-06,TORONTO,70-79yrs,202795,440
2021-08-06,WATERLOO REGION,70-79yrs,40380,89
2021-08-06,WELLINGTON-DUFFERIN-GUELPH,70-79yrs,23504,81
2021-08-06,WINDSOR-ESSEX COUNTY,70-79yrs,35970,42
2021-08-06,YORK REGION,70-79yrs,90111,156
2021-08-06,ALGOMA DISTRICT,80+,7929,5
2021-08-06,BRANT COUNTY,80+,7044,9
2021-08-06,CHATHAM-KENT,80+,6269,4
2021-08-06,CITY OF HAMILTON,80+,28319,35
2021-08-06,CITY OF OTTAWA,80+,42388,44
2021-08-06,DURHAM REGION,80+,26420,26
2021-08-06,EASTERN ONTARIO,80+,11219,25
2021-08-06,GREY BRUCE,80+,11147,13
2021-08-06,HALDIMAND-NORFOLK,80+,6382,4
2021-08-06,HALIBURTON KAWARTHA PINE RIDGE,80+,14112,14
2021-08-06,HALTON REGION,80+,25542,30
2021-08-06,HASTINGS & PRINCE EDWARD COUNTIES,80+,10614,33
2021-08-06,HURON PERTH,80+,8279,9
2021-08-06,KINGSTON FRONTENAC LENNOX & ADDINGTON,80+,11314,4
2021-08-06,LAMBTON COUNTY,80+,8068,10
2021-08-06,LEEDS GRENVILLE AND LANARK DISTRICT,80+,10669,24
2021-08-06,MIDDLESEX-LONDON,80+,23219,6
2021-08-06,NIAGARA REGION,80+,29120,59
2021-08-06,NORTH BAY PARRY SOUND DISTRICT,80+,7885,10
2021-08-06,NORTHWESTERN,80+,3618,10
2021-08-06,PEEL REGION,80+,50535,61
2021-08-06,PETERBOROUGH COUNTY-CITY,80+,9476,11
2021-08-06,PORCUPINE,80+,3632,1
2021-08-06,RENFREW COUNTY AND DISTRICT,80+,6453,5
2021-08-06,SIMCOE MUSKOKA DISTRICT,80+,30142,41
2021-08-06,SOUTHWESTERN,80+,10908,44
2021-08-06,SUDBURY AND DISTRICT,80+,10028,16
2021-08-06,THUNDER BAY DISTRICT,80+,7894,7
2021-08-06,TIMISKAMING,80+,1974,0
2021-08-06,TORONTO,80+,144579,215
2021-08-06,WATERLOO REGION,80+,22488,23
2021-08-06,WELLINGTON-DUFFERIN-GUELPH,80+,12749,44
2021-08-06,WINDSOR-ESSEX COUNTY,80+,20462,14
2021-08-06,YORK REGION,80+,48390,82
2021-08-07,ALGOMA DISTRICT,12-17yrs,6504,118
2021-08-07,BRANT COUNTY,12-17yrs,10734,167
2021-08-07,CHATHAM-KENT,12-17yrs,7233,44
2021-08-07,CITY OF HAMILTON,12-17yrs,37018,285
2021-08-07,CITY OF OTTAWA,12-17yrs,66222,672
2021-08-07,DURHAM REGION,12-17yrs,51038,413
2021-08-07,EASTERN ONTARIO,12-17yrs,13423,169
2021-08-07,GREY BRUCE,12-17yrs,10179,61
2021-08-07,HALDIMAND-NORFOLK,12-17yrs,7138,97
2021-08-07,HALIBURTON KAWARTHA PINE RIDGE,12-17yrs,10093,103
2021-08-07,HALTON REGION,12-17yrs,49248,378
2021-08-07,HASTINGS & PRINCE EDWARD COUNTIES,12-17yrs,9953,74
2021-08-07,HURON PERTH,12-17yrs,9790,81
2021-08-07,KINGSTON FRONTENAC LENNOX & ADDINGTON,12-17yrs,11803,109
2021-08-07,LAMBTON COUNTY,12-17yrs,8280,61
2021-08-07,LEEDS GRENVILLE AND LANARK DISTRICT,12-17yrs,10477,46
2021-08-07,MIDDLESEX-LONDON,12-17yrs,31735,437
2021-08-07,NIAGARA REGION,12-17yrs,28353,215
2021-08-07,NORTH BAY PARRY SOUND DISTRICT,12-17yrs,7244,95
2021-08-07,NORTHWESTERN,12-17yrs,6670,17
2021-08-07,PEEL REGION,12-17yrs,118974,735
2021-08-07,PETERBOROUGH COUNTY-CITY,12-17yrs,8041,104
2021-08-07,PORCUPINE,12-17yrs,5754,43
2021-08-07,RENFREW COUNTY AND DISTRICT,12-17yrs,6329,14
2021-08-07,SIMCOE MUSKOKA DISTRICT,12-17yrs,37614,483
2021-08-07,SOUTHWESTERN,12-17yrs,15337,370
2021-08-07,SUDBURY AND DISTRICT,12-17yrs,11889,41
2021-08-07,THUNDER BAY DISTRICT,12-17yrs,9043,81
2021-08-07,TIMISKAMING,12-17yrs,1897,13
2021-08-07,TORONTO,12-17yrs,162546,1139
2021-08-07,WATERLOO REGION,12-17yrs,40049,430
2021-08-07,WELLINGTON-DUFFERIN-GUELPH,12-17yrs,21168,285
2021-08-07,WINDSOR-ESSEX COUNTY,12-17yrs,29770,200
2021-08-07,YORK REGION,12-17yrs,89973,795
2021-08-07,ALGOMA DISTRICT,18-29yrs,15509,122
2021-08-07,BRANT COUNTY,18-29yrs,24059,175
2021-08-07,CHATHAM-KENT,18-29yrs,14984,78
2021-08-07,CITY OF HAMILTON,18-29yrs,100237,519
2021-08-07,CITY OF OTTAWA,18-29yrs,186587,1069
2021-08-07,DURHAM REGION,18-29yrs,114063,689
2021-08-07,EASTERN ONTARIO,18-29yrs,27830,200
2021-08-07,GREY BRUCE,18-29yrs,22126,98
2021-08-07,HALDIMAND-NORFOLK,18-29yrs,15900,160
2021-08-07,HALIBURTON KAWARTHA PINE RIDGE,18-29yrs,22520,142
2021-08-07,HALTON REGION,18-29yrs,95648,725
2021-08-07,HASTINGS & PRINCE EDWARD COUNTIES,18-29yrs,22375,122
2021-08-07,HURON PERTH,18-29yrs,20393,142
2021-08-07,KINGSTON FRONTENAC LENNOX & ADDINGTON,18-29yrs,34068,179
2021-08-07,LAMBTON COUNTY,18-29yrs,18558,100
2021-08-07,LEEDS GRENVILLE AND LANARK DISTRICT,18-29yrs,21695,105
2021-08-07,MIDDLESEX-LONDON,18-29yrs,88180,753
2021-08-07,NIAGARA REGION,18-29yrs,70592,266
2021-08-07,NORTH BAY PARRY SOUND DISTRICT,18-29yrs,17552,105
2021-08-07,NORTHWESTERN,18-29yrs,13990,33
2021-08-07,PEEL REGION,18-29yrs,278974,1757
2021-08-07,PETERBOROUGH COUNTY-CITY,18-29yrs,21688,133
2021-08-07,PORCUPINE,18-29yrs,12232,61
2021-08-07,RENFREW COUNTY AND DISTRICT,18-29yrs,14861,21
2021-08-07,SIMCOE MUSKOKA DISTRICT,18-29yrs,87904,748
2021-08-07,SOUTHWESTERN,18-29yrs,30393,346
2021-08-07,SUDBURY AND DISTRICT,18-29yrs,29436,92
2021-08-07,THUNDER BAY DISTRICT,18-29yrs,22251,97
2021-08-07,TIMISKAMING,18-29yrs,4360,7
2021-08-07,TORONTO,18-29yrs,585930,2672
2021-08-07,WATERLOO REGION,18-29yrs,99244,834
2021-08-07,WELLINGTON-DUFFERIN-GUELPH,18-29yrs,50230,465
2021-08-07,WINDSOR-ESSEX COUNTY,18-29yrs,72405,400
2021-08-07,YORK REGION,18-29yrs,198762,746
2021-08-07,ALGOMA DISTRICT,30-39yrs,12062,98
2021-08-07,BRANT COUNTY,30-39yrs,19698,161
2021-08-07,CHATHAM-KENT,30-39yrs,11594,56
2021-08-07,CITY OF HAMILTON,30-39yrs,84056,462
2021-08-07,CITY OF OTTAWA,30-39yrs,158259,955
2021-08-07,DURHAM REGION,30-39yrs,93632,623
2021-08-07,EASTERN ONTARIO,30-39yrs,21920,183
2021-08-07,GREY BRUCE,30-39yrs,17931,69
2021-08-07,HALDIMAND-NORFOLK,30-39yrs,11852,173
2021-08-07,HALIBURTON KAWARTHA PINE RIDGE,30-39yrs,17429,108
2021-08-07,HALTON REGION,30-39yrs,80648,733
2021-08-07,HASTINGS & PRINCE EDWARD COUNTIES,30-39yrs,17863,115
2021-08-07,HURON PERTH,30-39yrs,14728,110
2021-08-07,KINGSTON FRONTENAC LENNOX & ADDINGTON,30-39yrs,29909,98
2021-08-07,LAMBTON COUNTY,30-39yrs,14493,77
2021-08-07,LEEDS GRENVILLE AND LANARK DISTRICT,30-39yrs,16449,113
2021-08-07,MIDDLESEX-LONDON,30-39yrs,73436,557
2021-08-07,NIAGARA REGION,30-39yrs,54175,285
2021-08-07,NORTH BAY PARRY SOUND DISTRICT,30-39yrs,14543,104
2021-08-07,NORTHWESTERN,30-39yrs,9958,19
2021-08-07,PEEL REGION,30-39yrs,235513,1183
2021-08-07,PETERBOROUGH COUNTY-CITY,30-39yrs,18338,110
2021-08-07,PORCUPINE,30-39yrs,9754,38
2021-08-07,RENFREW COUNTY AND DISTRICT,30-39yrs,13489,25
2021-08-07,SIMCOE MUSKOKA DISTRICT,30-39yrs,74380,609
2021-08-07,SOUTHWESTERN,30-39yrs,24409,323
2021-08-07,SUDBURY AND DISTRICT,30-39yrs,24368,67
2021-08-07,THUNDER BAY DISTRICT,30-39yrs,18511,81
2021-08-07,TIMISKAMING,30-39yrs,3297,7
2021-08-07,TORONTO,30-39yrs,528595,2295
2021-08-07,WATERLOO REGION,30-39yrs,84990,554
2021-08-07,WELLINGTON-DUFFERIN-GUELPH,30-39yrs,42188,408
2021-08-07,WINDSOR-ESSEX COUNTY,30-39yrs,48477,318
2021-08-07,YORK REGION,30-39yrs,155115,685
2021-08-07,ALGOMA DISTRICT,40-49yrs,11665,87
2021-08-07,BRANT COUNTY,40-49yrs,18896,163
2021-08-07,CHATHAM-KENT,40-49yrs,11350,55
2021-08-07,CITY OF HAMILTON,40-49yrs,71673,359
2021-08-07,CITY OF OTTAWA,40-49yrs,134815,650
2021-08-07,DURHAM REGION,40-49yrs,93719,547
2021-08-07,EASTERN ONTARIO,40-49yrs,23559,153
2021-08-07,GREY BRUCE,40-49yrs,16555,56
2021-08-07,HALDIMAND-NORFOLK,40-49yrs,11715,117
2021-08-07,HALIBURTON KAWARTHA PINE RIDGE,40-49yrs,17924,118
2021-08-07,HALTON REGION,40-49yrs,88209,677
2021-08-07,HASTINGS & PRINCE EDWARD COUNTIES,40-49yrs,17924,113
2021-08-07,HURON PERTH,40-49yrs,14709,78
2021-08-07,KINGSTON FRONTENAC LENNOX & ADDINGTON,40-49yrs,24416,60
2021-08-07,LAMBTON COUNTY,40-49yrs,13713,58
2021-08-07,LEEDS GRENVILLE AND LANARK DISTRICT,40-49yrs,18360,85
2021-08-07,MIDDLESEX-LONDON,40-49yrs,59863,373
2021-08-07,NIAGARA REGION,40-49yrs,52093,222
2021-08-07,NORTH BAY PARRY SOUND DISTRICT,40-49yrs,13844,108
2021-08-07,NORTHWESTERN,40-49yrs,9699,19
2021-08-07,PEEL REGION,40-49yrs,220945,809
2021-08-07,PETERBOROUGH COUNTY-CITY,40-49yrs,14923,96
2021-08-07,PORCUPINE,40-49yrs,9835,24
2021-08-07,RENFREW COUNTY AND DISTRICT,40-49yrs,11851,21
2021-08-07,SIMCOE MUSKOKA DISTRICT,40-49yrs,72346,546
2021-08-07,SOUTHWESTERN,40-49yrs,25213,261
2021-08-07,SUDBURY AND DISTRICT,40-49yrs,23893,52
2021-08-07,THUNDER BAY DISTRICT,40-49yrs,17224,45
2021-08-07,TIMISKAMING,40-49yrs,3499,12
2021-08-07,TORONTO,40-49yrs,423307,1555
2021-08-07,WATERLOO REGION,40-49yrs,76587,384
2021-08-07,WELLINGTON-DUFFERIN-GUELPH,40-49yrs,38968,263
2021-08-07,WINDSOR-ESSEX COUNTY,40-49yrs,50811,229
2021-08-07,YORK REGION,40-49yrs,162480,656
2021-08-07,ALGOMA DISTRICT,50-59yrs,16446,109
2021-08-07,BRANT COUNTY,50-59yrs,21321,116
2021-08-07,CHATHAM-KENT,50-59yrs,15450,51
2021-08-07,CITY OF HAMILTON,50-59yrs,80704,347
2021-08-07,CITY OF OTTAWA,50-59yrs,139786,543
2021-08-07,DURHAM REGION,50-59yrs,104381,443
2021-08-07,EASTERN ONTARIO,50-59yrs,32885,174
2021-08-07,GREY BRUCE,50-59yrs,24279,46
2021-08-07,HALDIMAND-NORFOLK,50-59yrs,17361,79
2021-08-07,HALIBURTON KAWARTHA PINE RIDGE,50-59yrs,30845,164
2021-08-07,HALTON REGION,50-59yrs,85689,590
2021-08-07,HASTINGS & PRINCE EDWARD COUNTIES,50-59yrs,26066,122
2021-08-07,HURON PERTH,50-59yrs,19413,96
2021-08-07,KINGSTON FRONTENAC LENNOX & ADDINGTON,50-59yrs,29814,98
2021-08-07,LAMBTON COUNTY,50-59yrs,18136,37
2021-08-07,LEEDS GRENVILLE AND LANARK DISTRICT,50-59yrs,28235,103
2021-08-07,MIDDLESEX-LONDON,50-59yrs,66854,323
2021-08-07,NIAGARA REGION,50-59yrs,70296,232
2021-08-07,NORTH BAY PARRY SOUND DISTRICT,50-59yrs,20038,114
2021-08-07,NORTHWESTERN,50-59yrs,11842,26
2021-08-07,PEEL REGION,50-59yrs,217659,686
2021-08-07,PETERBOROUGH COUNTY-CITY,50-59yrs,20821,85
2021-08-07,PORCUPINE,50-59yrs,11988,27
2021-08-07,RENFREW COUNTY AND DISTRICT,50-59yrs,15489,26
2021-08-07,SIMCOE MUSKOKA DISTRICT,50-59yrs,92219,522
2021-08-07,SOUTHWESTERN,50-59yrs,29933,251
2021-08-07,SUDBURY AND DISTRICT,50-59yrs,28981,45
2021-08-07,THUNDER BAY DISTRICT,50-59yrs,20955,68
2021-08-07,TIMISKAMING,50-59yrs,4828,7
2021-08-07,TORONTO,50-59yrs,394894,1539
2021-08-07,WATERLOO REGION,50-59yrs,78016,338
2021-08-07,WELLINGTON-DUFFERIN-GUELPH,50-59yrs,44023,227
2021-08-07,WINDSOR-ESSEX COUNTY,50-59yrs,60800,297
2021-08-07,YORK REGION,50-59yrs,180487,589
2021-08-07,ALGOMA DISTRICT,60-69yrs,18604,66
2021-08-07,BRANT COUNTY,60-69yrs,19812,73
2021-08-07,CHATHAM-KENT,60-69yrs,15770,44
2021-08-07,CITY OF HAMILTON,60-69yrs,72258,245
2021-08-07,CITY OF OTTAWA,60-69yrs,118913,300
2021-08-07,DURHAM REGION,60-69yrs,83972,288
2021-08-07,EASTERN ONTARIO,60-69yrs,31360,177
2021-08-07,GREY BRUCE,60-69yrs,27440,39
2021-08-07,HALDIMAND-NORFOLK,60-69yrs,18117,38
2021-08-07,HALIBURTON KAWARTHA PINE RIDGE,60-69yrs,32828,149
2021-08-07,HALTON REGION,60-69yrs,64619,295
2021-08-07,HASTINGS & PRINCE EDWARD COUNTIES,60-69yrs,26203,141
2021-08-07,HURON PERTH,60-69yrs,19835,55
2021-08-07,KINGSTON FRONTENAC LENNOX & ADDINGTON,60-69yrs,28261,27
2021-08-07,LAMBTON COUNTY,60-69yrs,20502,35
2021-08-07,LEEDS GRENVILLE AND LANARK DISTRICT,60-69yrs,28428,113
2021-08-07,MIDDLESEX-LONDON,60-69yrs,60813,249
2021-08-07,NIAGARA REGION,60-69yrs,66878,182
2021-08-07,NORTH BAY PARRY SOUND DISTRICT,60-69yrs,20502,95
2021-08-07,NORTHWESTERN,60-69yrs,11530,21
2021-08-07,PEEL REGION,60-69yrs,167934,438
2021-08-07,PETERBOROUGH COUNTY-CITY,60-69yrs,22051,71
2021-08-07,PORCUPINE,60-69yrs,12077,26
2021-08-07,RENFREW COUNTY AND DISTRICT,60-69yrs,15644,27
2021-08-07,SIMCOE MUSKOKA DISTRICT,60-69yrs,79793,319
2021-08-07,SOUTHWESTERN,60-69yrs,27383,144
2021-08-07,SUDBURY AND DISTRICT,60-69yrs,28512,24
2021-08-07,THUNDER BAY DISTRICT,60-69yrs,22248,59
2021-08-07,TIMISKAMING,60-69yrs,5410,5
2021-08-07,TORONTO,60-69yrs,327676,1064
2021-08-07,WATERLOO REGION,60-69yrs,64550,207
2021-08-07,WELLINGTON-DUFFERIN-GUELPH,60-69yrs,37194,175
2021-08-07,WINDSOR-ESSEX COUNTY,60-69yrs,54082,138
2021-08-07,YORK REGION,60-69yrs,143847,422
2021-08-07,ALGOMA DISTRICT,70-79yrs,12699,26
2021-08-07,BRANT COUNTY,70-79yrs,12716,25
2021-08-07,CHATHAM-KENT,70-79yrs,10558,7
2021-08-07,CITY OF HAMILTON,70-79yrs,45295,82
2021-08-07,CITY OF OTTAWA,70-79yrs,75781,111
2021-08-07,DURHAM REGION,70-79yrs,50080,71
2021-08-07,EASTERN ONTARIO,70-79yrs,20776,162
2021-08-07,GREY BRUCE,70-79yrs,19403,23
2021-08-07,HALDIMAND-NORFOLK,70-79yrs,11809,8
2021-08-07,HALIBURTON KAWARTHA PINE RIDGE,70-79yrs,24747,55
2021-08-07,HALTON REGION,70-79yrs,43839,140
2021-08-07,HASTINGS & PRINCE EDWARD COUNTIES,70-79yrs,18608,79
2021-08-07,HURON PERTH,70-79yrs,13697,28
2021-08-07,KINGSTON FRONTENAC LENNOX & ADDINGTON,70-79yrs,19981,16
2021-08-07,LAMBTON COUNTY,70-79yrs,13758,22
2021-08-07,LEEDS GRENVILLE AND LANARK DISTRICT,70-79yrs,20048,41
2021-08-07,MIDDLESEX-LONDON,70-79yrs,40094,115
2021-08-07,NIAGARA REGION,70-79yrs,48175,72
2021-08-07,NORTH BAY PARRY SOUND DISTRICT,70-79yrs,14235,19
2021-08-07,NORTHWESTERN,70-79yrs,6718,8
2021-08-07,PEEL REGION,70-79yrs,102369,184
2021-08-07,PETERBOROUGH COUNTY-CITY,70-79yrs,15695,28
2021-08-07,PORCUPINE,70-79yrs,6754,11
2021-08-07,RENFREW COUNTY AND DISTRICT,70-79yrs,10814,12
2021-08-07,SIMCOE MUSKOKA DISTRICT,70-79yrs,54104,137
2021-08-07,SOUTHWESTERN,70-79yrs,18637,78
2021-08-07,SUDBURY AND DISTRICT,70-79yrs,18552,11
2021-08-07,THUNDER BAY DISTRICT,70-79yrs,13660,59
2021-08-07,TIMISKAMING,70-79yrs,3541,1
2021-08-07,TORONTO,70-79yrs,202795,497
2021-08-07,WATERLOO REGION,70-79yrs,40380,68
2021-08-07,WELLINGTON-DUFFERIN-GUELPH,70-79yrs,23504,47
2021-08-07,WINDSOR-ESSEX COUNTY,70-79yrs,35970,69
2021-08-07,YORK REGION,70-79yrs,90111,184
2021-08-07,ALGOMA DISTRICT,80+,7929,7
2021-08-07,BRANT COUNTY,80+,7044,8
2021-08-07,CHATHAM-KENT,80+,6269,3
2021-08-07,CITY OF HAMILTON,80+,28319,32
2021-08-07,CITY OF OTTAWA,80+,42388,35
2021-08-07,DURHAM REGION,80+,26420,22
2021-08-07,EASTERN ONTARIO,80+,11219,19
2021-08-07,GREY BRUCE,80+,11147,5
2021-08-07,HALDIMAND-NORFOLK,80+,6382,1
2021-08-07,HALIBURTON KAWARTHA PINE RIDGE,80+,14112,23
2021-08-07,HALTON REGION,80+,25542,35
2021-08-07,HASTINGS & PRINCE EDWARD COUNTIES,80+,10614,13
2021-08-07,HURON PERTH,80+,8279,1
2021-08-07,KINGSTON FRONTENAC LENNOX & ADDINGTON,80+,11314,14
2021-08-07,LAMBTON COUNTY,80+,8068,1
2021-08-07,LEEDS GRENVILLE AND LANARK DISTRICT,80+,10669,10
2021-08-07,MIDDLESEX-LONDON,80+,23219,29
2021-08-07,NIAGARA REGION,80+,29120,30
2021-08-07,NORTH BAY PARRY SOUND DISTRICT,80+,7885,7
2021-08-07,NORTHWESTERN,80+,3618,1
2021-08-07,PEEL REGION,80+,50535,92
2021-08-07,PETERBOROUGH COUNTY-CITY,80+,9476,5
2021-08-07,PORCUPINE,80+,3632,2
2021-08-07,RENFREW COUNTY AND DISTRICT,80+,6453,1
2021-08-07,SIMCOE MUSKOKA DISTRICT,80+,30142,36
2021-08-07,SOUTHWESTERN,80+,10908,14
2021-08-07,SUDBURY AND DISTRICT,80+,10028,10
2021-08-07,THUNDER BAY DISTRICT,80+,7894,13
2021-08-07,TIMISKAMING,80+,1974,1
2021-08-07,TORONTO,80+,144579,215
2021-08-07,WATERLOO REGION,80+,22488,18
2021-08-07,WELLINGTON-DUFFERIN-GUELPH,80+,12749,38
2021-08-07,WINDSOR-ESSEX COUNTY,80+,20462,16
2021-08-07,YORK REGION,80+,48390,59
2021-08-08,ALGOMA DISTRICT,12-17yrs,6504,4
2021-08-08,BRANT COUNTY,12-17yrs,10734,51
2021-08-08,CHATHAM-KENT,12-17yrs,7233,168
2021-08-08,CITY OF HAMILTON,12-17yrs,37018,324
2021-08-08,CITY OF OTTAWA,12-17yrs,66222,562
2021-08-08,DURHAM REGION,12-17yrs,51038,301
2021-08-08,EASTERN ONTARIO,12-17yrs,13423,31
2021-08-08,GREY BRUCE,12-17yrs,10179,34
2021-08-08,HALDIMAND-NORFOLK,12-17yrs,7138,5
2021-08-08,HALIBURTON KAWARTHA PINE RIDGE,12-17yrs,10093,29
2021-08-08,HALTON REGION,12-17yrs,49248,273
2021-08-08,HASTINGS & PRINCE EDWARD COUNTIES,12-17yrs,9953,23
2021-08-08,HURON PERTH,12-17yrs,9790,114
2021-08-08,KINGSTON FRONTENAC LENNOX & ADDINGTON,12-17yrs,11803,50
2021-08-08,LAMBTON COUNTY,12-17yrs,8280,7
2021-08-08,LEEDS GRENVILLE AND LANARK DISTRICT,12-17yrs,10477,81
2021-08-08,MIDDLESEX-LONDON,12-17yrs,31735,418
2021-08-08,NIAGARA REGION,12-17yrs,28353,203
2021-08-08,NORTH BAY PARRY SOUND DISTRICT,12-17yrs,7244,23
2021-08-08,NORTHWESTERN,12-17yrs,6670,0
2021-08-08,PEEL REGION,12-17yrs,118974,842
2021-08-08,PETERBOROUGH COUNTY-CITY,12-17yrs,8041,17
2021-08-08,PORCUPINE,12-17yrs,5754,9
2021-08-08,RENFREW COUNTY AND DISTRICT,12-17yrs,6329,5
2021-08-08,SIMCOE MUSKOKA DISTRICT,12-17yrs,37614,509
2021-08-08,SOUTHWESTERN,12-17yrs,15337,86
2021-08-08,SUDBURY AND DISTRICT,12-17yrs,11889,164
2021-08-08,THUNDER BAY DISTRICT,12-17yrs,9043,7
2021-08-08,TIMISKAMING,12-17yrs,1897,0
2021-08-08,TORONTO,12-17yrs,162546,1184
2021-08-08,WATERLOO REGION,12-17yrs,40049,372
2021-08-08,WELLINGTON-DUFFERIN-GUELPH,12-17yrs,21168,126
2021-08-08,WINDSOR-ESSEX COUNTY,12-17yrs,29770,187
2021-08-08,YORK REGION,12-17yrs,89973,672
2021-08-08,ALGOMA DISTRICT,18-29yrs,15509,11
2021-08-08,BRANT COUNTY,18-29yrs,24059,95
2021-08-08,CHATHAM-KENT,18-29yrs,14984,181
2021-08-08,CITY OF HAMILTON,18-29yrs,100237,395
2021-08-08,CITY OF OTTAWA,18-29yrs,186587,738
2021-08-08,DURHAM REGION,18-29yrs,114063,560
2021-08-08,EASTERN ONTARIO,18-29yrs,27830,51
2021-08-08,GREY BRUCE,18-29yrs,22126,56
2021-08-08,HALDIMAND-NORFOLK,18-29yrs,15900,25
2021-08-08,HALIBURTON KAWARTHA PINE RIDGE,18-29yrs,22520,74
2021-08-08,HALTON REGION,18-29yrs,95648,704
2021-08-08,HASTINGS & PRINCE EDWARD COUNTIES,18-29yrs,22375,61
2021-08-08,HURON PERTH,18-29yrs,20393,116
2021-08-08,KINGSTON FRONTENAC LENNOX & ADDINGTON,18-29yrs,34068,158
2021-08-08,LAMBTON COUNTY,18-29yrs,18558,14
2021-08-08,LEEDS GRENVILLE AND LANARK DISTRICT,18-29yrs,21695,98
2021-08-08,MIDDLESEX-LONDON,18-29yrs,88180,670
2021-08-08,NIAGARA REGION,18-29yrs,70592,262
2021-08-08,NORTH BAY PARRY SOUND DISTRICT,18-29yrs,17552,35
2021-08-08,NORTHWESTERN,18-29yrs,13990,6
2021-08-08,PEEL REGION,18-29yrs,278974,2042
2021-08-08,PETERBOROUGH COUNTY-CITY,18-29yrs,21688,59
2021-08-08,PORCUPINE,18-29yrs,12232,8
2021-08-08,RENFREW COUNTY AND DISTRICT,18-29yrs,14861,23
2021-08-08,SIMCOE MUSKOKA DISTRICT,18-29yrs,87904,736
2021-08-08,SOUTHWESTERN,18-29yrs,30393,144
2021-08-08,SUDBURY AND DISTRICT,18-29yrs,29436,223
2021-08-08,THUNDER BAY DISTRICT,18-29yrs,22251,19
2021-08-08,TIMISKAMING,18-29yrs,4360,4
2021-08-08,TORONTO,18-29yrs,585930,2355
2021-08-08,WATERLOO REGION,18-29yrs,99244,665
2021-08-08,WELLINGTON-DUFFERIN-GUELPH,18-29yrs,50230,229
2021-08-08,WINDSOR-ESSEX COUNTY,18-29yrs,72405,339
2021-08-08,YORK REGION,18-29yrs,198762,728
2021-08-08,ALGOMA DISTRICT,30-39yrs,12062,10
2021-08-08,BRANT COUNTY,30-39yrs,19698,77
2021-08-08,CHATHAM-KENT,30-39yrs,11594,125
2021-08-08,CITY OF HAMILTON,30-39yrs,84056,343
2021-08-08,CITY OF OTTAWA,30-39yrs,158259,581
2021-08-08,DURHAM REGION,30-39yrs,93632,472
2021-08-08,EASTERN ONTARIO,30-39yrs,21920,76
2021-08-08,GREY BRUCE,30-39yrs,17931,52
2021-08-08,HALDIMAND-NORFOLK,30-39yrs,11852,8
2021-08-08,HALIBURTON KAWARTHA PINE RIDGE,30-39yrs,17429,64
2021-08-08,HALTON REGION,30-39yrs,80648,689
2021-08-08,HASTINGS & PRINCE EDWARD COUNTIES,30-39yrs,17863,33
2021-08-08,HURON PERTH,30-39yrs,14728,94
2021-08-08,KINGSTON FRONTENAC LENNOX & ADDINGTON,30-39yrs,29909,81
2021-08-08,LAMBTON COUNTY,30-39yrs,14493,11
2021-08-08,LEEDS GRENVILLE AND LANARK DISTRICT,30-39yrs,16449,90
2021-08-08,MIDDLESEX-LONDON,30-39yrs,73436,395
2021-08-08,NIAGARA REGION,30-39yrs,54175,220
2021-08-08,NORTH BAY PARRY SOUND DISTRICT,30-39yrs,14543,18
2021-08-08,NORTHWESTERN,30-39yrs,9958,7
2021-08-08,PEEL REGION,30-39yrs,235513,1230
2021-08-08,PETERBOROUGH COUNTY-CITY,30-39yrs,18338,40
2021-08-08,PORCUPINE,30-39yrs,9754,14
2021-08-08,RENFREW COUNTY AND DISTRICT,30-39yrs,13489,6
2021-08-08,SIMCOE MUSKOKA DISTRICT,30-39yrs,74380,650
2021-08-08,SOUTHWESTERN,30-39yrs,24409,133
2021-08-08,SUDBURY AND DISTRICT,30-39yrs,24368,141
2021-08-08,THUNDER BAY DISTRICT,30-39yrs,18511,14
2021-08-08,TIMISKAMING,30-39yrs,3297,2
2021-08-08,TORONTO,30-39yrs,528595,1859
2021-08-08,WATERLOO REGION,30-39yrs,84990,462
2021-08-08,WELLINGTON-DUFFERIN-GUELPH,30-39yrs,42188,194
2021-08-08,WINDSOR-ESSEX COUNTY,30-39yrs,48477,226
2021-08-08,YORK REGION,30-39yrs,155115,618
2021-08-08,ALGOMA DISTRICT,40-49yrs,11665,5
2021-08-08,BRANT COUNTY,40-49yrs,18896,55
2021-08-08,CHATHAM-KENT,40-49yrs,11350,112
2021-08-08,CITY OF HAMILTON,40-49yrs,71673,232
2021-08-08,CITY OF OTTAWA,40-49yrs,134815,472
2021-08-08,DURHAM REGION,40-49yrs,93719,312
2021-08-08,EASTERN ONTARIO,40-49yrs,23559,44
2021-08-08,GREY BRUCE,40-49yrs,16555,41
2021-08-08,HALDIMAND-NORFOLK,40-49yrs,11715,7
2021-08-08,HALIBURTON KAWARTHA PINE RIDGE,40-49yrs,17924,45
2021-08-08,HALTON REGION,40-49yrs,88209,609
2021-08-08,HASTINGS & PRINCE EDWARD COUNTIES,40-49yrs,17924,49
2021-08-08,HURON PERTH,40-49yrs,14709,63
2021-08-08,KINGSTON FRONTENAC LENNOX & ADDINGTON,40-49yrs,24416,59
2021-08-08,LAMBTON COUNTY,40-49yrs,13713,8
2021-08-08,LEEDS GRENVILLE AND LANARK DISTRICT,40-49yrs,18360,69
2021-08-08,MIDDLESEX-LONDON,40-49yrs,59863,301
2021-08-08,NIAGARA REGION,40-49yrs,52093,185
2021-08-08,NORTH BAY PARRY SOUND DISTRICT,40-49yrs,13844,32
2021-08-08,NORTHWESTERN,40-49yrs,9699,5
2021-08-08,PEEL REGION,40-49yrs,220945,880
2021-08-08,PETERBOROUGH COUNTY-CITY,40-49yrs,14923,29
2021-08-08,PORCUPINE,40-49yrs,9835,9
2021-08-08,RENFREW COUNTY AND DISTRICT,40-49yrs,11851,8
2021-08-08,SIMCOE MUSKOKA DISTRICT,40-49yrs,72346,510
2021-08-08,SOUTHWESTERN,40-49yrs,25213,102
2021-08-08,SUDBURY AND DISTRICT,40-49yrs,23893,119
2021-08-08,THUNDER BAY DISTRICT,40-49yrs,17224,12
2021-08-08,TIMISKAMING,40-49yrs,3499,1
2021-08-08,TORONTO,40-49yrs,423307,1381
2021-08-08,WATERLOO REGION,40-49yrs,76587,325
2021-08-08,WELLINGTON-DUFFERIN-GUELPH,40-49yrs,38968,146
2021-08-08,WINDSOR-ESSEX COUNTY,40-49yrs,50811,201
2021-08-08,YORK REGION,40-49yrs,162480,533
2021-08-08,ALGOMA DISTRICT,50-59yrs,16446,9
2021-08-08,BRANT COUNTY,50-59yrs,21321,60
2021-08-08,CHATHAM-KENT,50-59yrs,15450,144
2021-08-08,CITY OF HAMILTON,50-59yrs,80704,247
2021-08-08,CITY OF OTTAWA,50-59yrs,139786,361
2021-08-08,DURHAM REGION,50-59yrs,104381,277
2021-08-08,EASTERN ONTARIO,50-59yrs,32885,54
2021-08-08,GREY BRUCE,50-59yrs,24279,33
2021-08-08,HALDIMAND-NORFOLK,50-59yrs,17361,14
2021-08-08,HALIBURTON KAWARTHA PINE RIDGE,50-59yrs,30845,67
2021-08-08,HALTON REGION,50-59yrs,85689,485
2021-08-08,HASTINGS & PRINCE EDWARD COUNTIES,50-59yrs,26066,48
2021-08-08,HURON PERTH,50-59yrs,19413,72
2021-08-08,KINGSTON FRONTENAC LENNOX & ADDINGTON,50-59yrs,29814,47
2021-08-08,LAMBTON COUNTY,50-59yrs,18136,13
2021-08-08,LEEDS GRENVILLE AND LANARK DISTRICT,50-59yrs,28235,103
2021-08-08,MIDDLESEX-LONDON,50-59yrs,66854,234
2021-08-08,NIAGARA REGION,50-59yrs,70296,160
2021-08-08,NORTH BAY PARRY SOUND DISTRICT,50-59yrs,20038,29
2021-08-08,NORTHWESTERN,50-59yrs,11842,2
2021-08-08,PEEL REGION,50-59yrs,217659,720
2021-08-08,PETERBOROUGH COUNTY-CITY,50-59yrs,20821,39
2021-08-08,PORCUPINE,50-59yrs,11988,11
2021-08-08,RENFREW COUNTY AND DISTRICT,50-59yrs,15489,7
2021-08-08,SIMCOE MUSKOKA DISTRICT,50-59yrs,92219,498
2021-08-08,SOUTHWESTERN,50-59yrs,29933,104
2021-08-08,SUDBURY AND DISTRICT,50-59yrs,28981,100
2021-08-08,THUNDER BAY DISTRICT,50-59yrs,20955,15
2021-08-08,TIMISKAMING,50-59yrs,4828,2
2021-08-08,TORONTO,50-59yrs,394894,1299
2021-08-08,WATERLOO REGION,50-59yrs,78016,274
2021-08-08,WELLINGTON-DUFFERIN-GUELPH,50-59yrs,44023,158
2021-08-08,WINDSOR-ESSEX COUNTY,50-59yrs,60800,139
2021-08-08,YORK REGION,50-59yrs,180487,523
2021-08-08,ALGOMA DISTRICT,60-69yrs,18604,4
2021-08-08,BRANT COUNTY,60-69yrs,19812,34
2021-08-08,CHATHAM-KENT,60-69yrs,15770,79
2021-08-08,CITY OF HAMILTON,60-69yrs,72258,138
2021-08-08,CITY OF OTTAWA,60-69yrs,118913,146
2021-08-08,DURHAM REGION,60-69yrs,83972,188
2021-08-08,EASTERN ONTARIO,60-69yrs,31360,29
2021-08-08,GREY BRUCE,60-69yrs,27440,33
2021-08-08,HALDIMAND-NORFOLK,60-69yrs,18117,3
2021-08-08,HALIBURTON KAWARTHA PINE RIDGE,60-69yrs,32828,54
2021-08-08,HALTON REGION,60-69yrs,64619,231
2021-08-08,HASTINGS & PRINCE EDWARD COUNTIES,60-69yrs,26203,31
2021-08-08,HURON PERTH,60-69yrs,19835,36
2021-08-08,KINGSTON FRONTENAC LENNOX & ADDINGTON,60-69yrs,28261,38
2021-08-08,LAMBTON COUNTY,60-69yrs,20502,5
2021-08-08,LEEDS GRENVILLE AND LANARK DISTRICT,60-69yrs,28428,111
2021-08-08,MIDDLESEX-LONDON,60-69yrs,60813,161
2021-08-08,NIAGARA REGION,60-69yrs,66878,114
2021-08-08,NORTH BAY PARRY SOUND DISTRICT,60-69yrs,20502,18
2021-08-08,NORTHWESTERN,60-69yrs,11530,0
2021-08-08,PEEL REGION,60-69yrs,167934,459
2021-08-08,PETERBOROUGH COUNTY-CITY,60-69yrs,22051,31
2021-08-08,PORCUPINE,60-69yrs,12077,9
2021-08-08,RENFREW COUNTY AND DISTRICT,60-69yrs,15644,6
2021-08-08,SIMCOE MUSKOKA DISTRICT,60-69yrs,79793,346
2021-08-08,SOUTHWESTERN,60-69yrs,27383,61
2021-08-08,SUDBURY AND DISTRICT,60-69yrs,28512,56
2021-08-08,THUNDER BAY DISTRICT,60-69yrs,22248,9
2021-08-08,TIMISKAMING,60-69yrs,5410,2
2021-08-08,TORONTO,60-69yrs,327676,846
2021-08-08,WATERLOO REGION,60-69yrs,64550,149
2021-08-08,WELLINGTON-DUFFERIN-GUELPH,60-69yrs,37194,73
2021-08-08,WINDSOR-ESSEX COUNTY,60-69yrs,54082,65
2021-08-08,YORK REGION,60-69yrs,143847,348
2021-08-08,ALGOMA DISTRICT,70-79yrs,12699,3
2021-08-08,BRANT COUNTY,70-79yrs,12716,10
2021-08-08,CHATHAM-KENT,70-79yrs,10558,24
2021-08-08,CITY OF HAMILTON,70-79yrs,45295,62
2021-08-08,CITY OF OTTAWA,70-79yrs,75781,27
2021-08-08,DURHAM REGION,70-79yrs,50080,46
2021-08-08,EASTERN ONTARIO,70-79yrs,20776,9
2021-08-08,GREY BRUCE,70-79yrs,19403,5
2021-08-08,HALDIMAND-NORFOLK,70-79yrs,11809,0
2021-08-08,HALIBURTON KAWARTHA PINE RIDGE,70-79yrs,24747,18
2021-08-08,HALTON REGION,70-79yrs,43839,83
2021-08-08,HASTINGS & PRINCE EDWARD COUNTIES,70-79yrs,18608,18
2021-08-08,HURON PERTH,70-79yrs,13697,5
2021-08-08,KINGSTON FRONTENAC LENNOX & ADDINGTON,70-79yrs,19981,23
2021-08-08,LAMBTON COUNTY,70-79yrs,13758,0
2021-08-08,LEEDS GRENVILLE AND LANARK DISTRICT,70-79yrs,20048,76
2021-08-08,MIDDLESEX-LONDON,70-79yrs,40094,65
2021-08-08,NIAGARA REGION,70-79yrs,48175,98
2021-08-08,NORTH BAY PARRY SOUND DISTRICT,70-79yrs,14235,4
2021-08-08,NORTHWESTERN,70-79yrs,6718,1
2021-08-08,PEEL REGION,70-79yrs,102369,158
2021-08-08,PETERBOROUGH COUNTY-CITY,70-79yrs,15695,17
2021-08-08,PORCUPINE,70-79yrs,6754,3
2021-08-08,RENFREW COUNTY AND DISTRICT,70-79yrs,10814,3
2021-08-08,SIMCOE MUSKOKA DISTRICT,70-79yrs,54104,98
2021-08-08,SOUTHWESTERN,70-79yrs,18637,14
2021-08-08,SUDBURY AND DISTRICT,70-79yrs,18552,16
2021-08-08,THUNDER BAY DISTRICT,70-79yrs,13660,2
2021-08-08,TIMISKAMING,70-79yrs,3541,0
2021-08-08,TORONTO,70-79yrs,202795,353
2021-08-08,WATERLOO REGION,70-79yrs,40380,68
2021-08-08,WELLINGTON-DUFFERIN-GUELPH,70-79yrs,23504,21
2021-08-08,WINDSOR-ESSEX COUNTY,70-79yrs,35970,20
2021-08-08,YORK REGION,70-79yrs,90111,144
2021-08-08,ALGOMA DISTRICT,80+,7929,0
2021-08-08,BRANT COUNTY,80+,7044,4
2021-08-08,CHATHAM-KENT,80+,6269,2
2021-08-08,CITY OF HAMILTON,80+,28319,18
2021-08-08,CITY OF OTTAWA,80+,42388,9
2021-08-08,DURHAM REGION,80+,26420,22
2021-08-08,EASTERN ONTARIO,80+,11219,2
2021-08-08,GREY BRUCE,80+,11147,1
2021-08-08,HALDIMAND-NORFOLK,80+,6382,0
2021-08-08,HALIBURTON KAWARTHA PINE RIDGE,80+,14112,6
2021-08-08,HALTON REGION,80+,25542,15
2021-08-08,HASTINGS & PRINCE EDWARD COUNTIES,80+,10614,3
2021-08-08,HURON PERTH,80+,8279,7
2021-08-08,KINGSTON FRONTENAC LENNOX & ADDINGTON,80+,11314,9
2021-08-08,LAMBTON COUNTY,80+,8068,0
2021-08-08,LEEDS GRENVILLE AND LANARK DISTRICT,80+,10669,8
2021-08-08,MIDDLESEX-LONDON,80+,23219,16
2021-08-08,NIAGARA REGION,80+,29120,21
2021-08-08,NORTH BAY PARRY SOUND DISTRICT,80+,7885,4
2021-08-08,NORTHWESTERN,80+,3618,0
2021-08-08,PEEL REGION,80+,50535,45
2021-08-08,PETERBOROUGH COUNTY-CITY,80+,9476,1
2021-08-08,PORCUPINE,80+,3632,1
2021-08-08,RENFREW COUNTY AND DISTRICT,80+,6453,0
2021-08-08,SIMCOE MUSKOKA DISTRICT,80+,30142,27
2021-08-08,SOUTHWESTERN,80+,10908,5
2021-08-08,SUDBURY AND DISTRICT,80+,10028,6
2021-08-08,THUNDER BAY DISTRICT,80+,7894,1
2021-08-08,TIMISKAMING,80+,1974,0
2021-08-08,TORONTO,80+,144579,142
2021-08-08,WATERLOO REGION,80+,22488,24
2021-08-08,WELLINGTON-DUFFERIN-GUELPH,80+,12749,5
2021-08-08,WINDSOR-ESSEX COUNTY,80+,20462,11
2021-08-08,YORK REGION,80+,48390,47
2021-08-09,ALGOMA DISTRICT,12-17yrs,6504,0
2021-08-09,BRANT COUNTY,12-17yrs,10734,6
2021-08-09,CHATHAM-KENT,12-17yrs,7233,2
2021-08-09,CITY OF HAMILTON,12-17yrs,37018,227
2021-08-09,CITY OF OTTAWA,12-17yrs,66222,406
2021-08-09,DURHAM REGION,12-17yrs,51038,285
2021-08-09,EASTERN ONTARIO,12-17yrs,13423,43
2021-08-09,GREY BRUCE,12-17yrs,10179,6
2021-08-09,HALDIMAND-NORFOLK,12-17yrs,7138,12
2021-08-09,HALIBURTON KAWARTHA PINE RIDGE,12-17yrs,10093,51
2021-08-09,HALTON REGION,12-17yrs,49248,319
2021-08-09,HASTINGS & PRINCE EDWARD COUNTIES,12-17yrs,9953,12
2021-08-09,HURON PERTH,12-17yrs,9790,6
2021-08-09,KINGSTON FRONTENAC LENNOX & ADDINGTON,12-17yrs,11803,57
2021-08-09,LAMBTON COUNTY,12-17yrs,8280,2
2021-08-09,LEEDS GRENVILLE AND LANARK DISTRICT,12-17yrs,10477,157
2021-08-09,MIDDLESEX-LONDON,12-17yrs,31735,305
2021-08-09,NIAGARA REGION,12-17yrs,28353,167
2021-08-09,NORTH BAY PARRY SOUND DISTRICT,12-17yrs,7244,1
2021-08-09,NORTHWESTERN,12-17yrs,6670,0
2021-08-09,PEEL REGION,12-17yrs,118974,781
2021-08-09,PETERBOROUGH COUNTY-CITY,12-17yrs,8041,7
2021-08-09,PORCUPINE,12-17yrs,5754,36
2021-08-09,RENFREW COUNTY AND DISTRICT,12-17yrs,6329,1
2021-08-09,SIMCOE MUSKOKA DISTRICT,12-17yrs,37614,174
2021-08-09,SOUTHWESTERN,12-17yrs,15337,284
2021-08-09,SUDBURY AND DISTRICT,12-17yrs,11889,7
2021-08-09,THUNDER BAY DISTRICT,12-17yrs,9043,2
2021-08-09,TIMISKAMING,12-17yrs,1897,1
2021-08-09,TORONTO,12-17yrs,162546,890
2021-08-09,WATERLOO REGION,12-17yrs,40049,259
2021-08-09,WELLINGTON-DUFFERIN-GUELPH,12-17yrs,21168,6
2021-08-09,WINDSOR-ESSEX COUNTY,12-17yrs,29770,123
2021-08-09,YORK REGION,12-17yrs,89973,631
2021-08-09,ALGOMA DISTRICT,18-29yrs,15509,10
2021-08-09,BRANT COUNTY,18-29yrs,24059,10
2021-08-09,CHATHAM-KENT,18-29yrs,14984,4
2021-08-09,CITY OF HAMILTON,18-29yrs,100237,315
2021-08-09,CITY OF OTTAWA,18-29yrs,186587,453
2021-08-09,DURHAM REGION,18-29yrs,114063,436
2021-08-09,EASTERN ONTARIO,18-29yrs,27830,86
2021-08-09,GREY BRUCE,18-29yrs,22126,11
2021-08-09,HALDIMAND-NORFOLK,18-29yrs,15900,12
2021-08-09,HALIBURTON KAWARTHA PINE RIDGE,18-29yrs,22520,76
2021-08-09,HALTON REGION,18-29yrs,95648,612
2021-08-09,HASTINGS & PRINCE EDWARD COUNTIES,18-29yrs,22375,24
2021-08-09,HURON PERTH,18-29yrs,20393,22
2021-08-09,KINGSTON FRONTENAC LENNOX & ADDINGTON,18-29yrs,34068,75
2021-08-09,LAMBTON COUNTY,18-29yrs,18558,16
2021-08-09,LEEDS GRENVILLE AND LANARK DISTRICT,18-29yrs,21695,125
2021-08-09,MIDDLESEX-LONDON,18-29yrs,88180,437
2021-08-09,NIAGARA REGION,18-29yrs,70592,224
2021-08-09,NORTH BAY PARRY SOUND DISTRICT,18-29yrs,17552,15
2021-08-09,NORTHWESTERN,18-29yrs,13990,0
2021-08-09,PEEL REGION,18-29yrs,278974,1389
2021-08-09,PETERBOROUGH COUNTY-CITY,18-29yrs,21688,14
2021-08-09,PORCUPINE,18-29yrs,12232,33
2021-08-09,RENFREW COUNTY AND DISTRICT,18-29yrs,14861,2
2021-08-09,SIMCOE MUSKOKA DISTRICT,18-29yrs,87904,321
2021-08-09,SOUTHWESTERN,18-29yrs,30393,105
2021-08-09,SUDBURY AND DISTRICT,18-29yrs,29436,19
2021-08-09,THUNDER BAY DISTRICT,18-29yrs,22251,6
2021-08-09,TIMISKAMING,18-29yrs,4360,0
2021-08-09,TORONTO,18-29yrs,585930,1554
2021-08-09,WATERLOO REGION,18-29yrs,99244,416
2021-08-09,WELLINGTON-DUFFERIN-GUELPH,18-29yrs,50230,32
2021-08-09,WINDSOR-ESSEX COUNTY,18-29yrs,72405,167
2021-08-09,YORK REGION,18-29yrs,198762,543
2021-08-09,ALGOMA DISTRICT,30-39yrs,12062,0
2021-08-09,BRANT COUNTY,30-39yrs,19698,7
2021-08-09,CHATHAM-KENT,30-39yrs,11594,5
2021-08-09,CITY OF HAMILTON,30-39yrs,84056,236
2021-08-09,CITY OF OTTAWA,30-39yrs,158259,361
2021-08-09,DURHAM REGION,30-39yrs,93632,334
2021-08-09,EASTERN ONTARIO,30-39yrs,21920,44
2021-08-09,GREY BRUCE,30-39yrs,17931,9
2021-08-09,HALDIMAND-NORFOLK,30-39yrs,11852,7
2021-08-09,HALIBURTON KAWARTHA PINE RIDGE,30-39yrs,17429,49
2021-08-09,HALTON REGION,30-39yrs,80648,528
2021-08-09,HASTINGS & PRINCE EDWARD COUNTIES,30-39yrs,17863,21
2021-08-09,HURON PERTH,30-39yrs,14728,13
2021-08-09,KINGSTON FRONTENAC LENNOX & ADDINGTON,30-39yrs,29909,51
2021-08-09,LAMBTON COUNTY,30-39yrs,14493,2
2021-08-09,LEEDS GRENVILLE AND LANARK DISTRICT,30-39yrs,16449,84
2021-08-09,MIDDLESEX-LONDON,30-39yrs,73436,245
2021-08-09,NIAGARA REGION,30-39yrs,54175,149
2021-08-09,NORTH BAY PARRY SOUND DISTRICT,30-39yrs,14543,4
2021-08-09,NORTHWESTERN,30-39yrs,9958,0
2021-08-09,PEEL REGION,30-39yrs,235513,772
2021-08-09,PETERBOROUGH COUNTY-CITY,30-39yrs,18338,15
2021-08-09,PORCUPINE,30-39yrs,9754,21
2021-08-09,RENFREW COUNTY AND DISTRICT,30-39yrs,13489,2
2021-08-09,SIMCOE MUSKOKA DISTRICT,30-39yrs,74380,253
2021-08-09,SOUTHWESTERN,30-39yrs,24409,52
2021-08-09,SUDBURY AND DISTRICT,30-39yrs,24368,13
2021-08-09,THUNDER BAY DISTRICT,30-39yrs,18511,7
2021-08-09,TIMISKAMING,30-39yrs,3297,0
2021-08-09,TORONTO,30-39yrs,528595,1166
2021-08-09,WATERLOO REGION,30-39yrs,84990,243
2021-08-09,WELLINGTON-DUFFERIN-GUELPH,30-39yrs,42188,31
2021-08-09,WINDSOR-ESSEX COUNTY,30-39yrs,48477,110
2021-08-09,YORK REGION,30-39yrs,155115,445
2021-08-09,ALGOMA DISTRICT,40-49yrs,11665,2
2021-08-09,BRANT COUNTY,40-49yrs,18896,9
2021-08-09,CHATHAM-KENT,40-49yrs,11350,3
2021-08-09,CITY OF HAMILTON,40-49yrs,71673,186
2021-08-09,CITY OF OTTAWA,40-49yrs,134815,240
2021-08-09,DURHAM REGION,40-49yrs,93719,244
2021-08-09,EASTERN ONTARIO,40-49yrs,23559,32
2021-08-09,GREY BRUCE,40-49yrs,16555,5
2021-08-09,HALDIMAND-NORFOLK,40-49yrs,11715,5
2021-08-09,HALIBURTON KAWARTHA PINE RIDGE,40-49yrs,17924,37
2021-08-09,HALTON REGION,40-49yrs,88209,500
2021-08-09,HASTINGS & PRINCE EDWARD COUNTIES,40-49yrs,17924,12
2021-08-09,HURON PERTH,40-49yrs,14709,11
2021-08-09,KINGSTON FRONTENAC LENNOX & ADDINGTON,40-49yrs,24416,42
2021-08-09,LAMBTON COUNTY,40-49yrs,13713,4
2021-08-09,LEEDS GRENVILLE AND LANARK DISTRICT,40-49yrs,18360,84
2021-08-09,MIDDLESEX-LONDON,40-49yrs,59863,162
2021-08-09,NIAGARA REGION,40-49yrs,52093,132
2021-08-09,NORTH BAY PARRY SOUND DISTRICT,40-49yrs,13844,4
2021-08-09,NORTHWESTERN,40-49yrs,9699,0
2021-08-09,PEEL REGION,40-49yrs,220945,603
2021-08-09,PETERBOROUGH COUNTY-CITY,40-49yrs,14923,10
2021-08-09,PORCUPINE,40-49yrs,9835,16
2021-08-09,RENFREW COUNTY AND DISTRICT,40-49yrs,11851,0
2021-08-09,SIMCOE MUSKOKA DISTRICT,40-49yrs,72346,214
2021-08-09,SOUTHWESTERN,40-49yrs,25213,60
2021-08-09,SUDBURY AND DISTRICT,40-49yrs,23893,4
2021-08-09,THUNDER BAY DISTRICT,40-49yrs,17224,2
2021-08-09,TIMISKAMING,40-49yrs,3499,0
2021-08-09,TORONTO,40-49yrs,423307,864
2021-08-09,WATERLOO REGION,40-49yrs,76587,181
2021-08-09,WELLINGTON-DUFFERIN-GUELPH,40-49yrs,38968,18
2021-08-09,WINDSOR-ESSEX COUNTY,40-49yrs,50811,91
2021-08-09,YORK REGION,40-49yrs,162480,394
2021-08-09,ALGOMA DISTRICT,50-59yrs,16446,0
2021-08-09,BRANT COUNTY,50-59yrs,21321,12
2021-08-09,CHATHAM-KENT,50-59yrs,15450,2
2021-08-09,CITY OF HAMILTON,50-59yrs,80704,164
2021-08-09,CITY OF OTTAWA,50-59yrs,139786,170
2021-08-09,DURHAM REGION,50-59yrs,104381,218
2021-08-09,EASTERN ONTARIO,50-59yrs,32885,61
2021-08-09,GREY BRUCE,50-59yrs,24279,4
2021-08-09,HALDIMAND-NORFOLK,50-59yrs,17361,5
2021-08-09,HALIBURTON KAWARTHA PINE RIDGE,50-59yrs,30845,49
2021-08-09,HALTON REGION,50-59yrs,85689,426
2021-08-09,HASTINGS & PRINCE EDWARD COUNTIES,50-59yrs,26066,15
2021-08-09,HURON PERTH,50-59yrs,19413,10
2021-08-09,KINGSTON FRONTENAC LENNOX & ADDINGTON,50-59yrs,29814,53
2021-08-09,LAMBTON COUNTY,50-59yrs,18136,2
2021-08-09,LEEDS GRENVILLE AND LANARK DISTRICT,50-59yrs,28235,89
2021-08-09,MIDDLESEX-LONDON,50-59yrs,66854,142
2021-08-09,NIAGARA REGION,50-59yrs,70296,150
2021-08-09,NORTH BAY PARRY SOUND DISTRICT,50-59yrs,20038,10
2021-08-09,NORTHWESTERN,50-59yrs,11842,0
2021-08-09,PEEL REGION,50-59yrs,217659,515
2021-08-09,PETERBOROUGH COUNTY-CITY,50-59yrs,20821,8
2021-08-09,PORCUPINE,50-59yrs,11988,22
2021-08-09,RENFREW COUNTY AND DISTRICT,50-59yrs,15489,6
2021-08-09,SIMCOE MUSKOKA DISTRICT,50-59yrs,92219,156
2021-08-09,SOUTHWESTERN,50-59yrs,29933,49
2021-08-09,SUDBURY AND DISTRICT,50-59yrs,28981,6
2021-08-09,THUNDER BAY DISTRICT,50-59yrs,20955,7
2021-08-09,TIMISKAMING,50-59yrs,4828,0
2021-08-09,TORONTO,50-59yrs,394894,853
2021-08-09,WATERLOO REGION,50-59yrs,78016,133
2021-08-09,WELLINGTON-DUFFERIN-GUELPH,50-59yrs,44023,27
2021-08-09,WINDSOR-ESSEX COUNTY,50-59yrs,60800,69
2021-08-09,YORK REGION,50-59yrs,180487,468
2021-08-09,ALGOMA DISTRICT,60-69yrs,18604,2
2021-08-09,BRANT COUNTY,60-69yrs,19812,9
2021-08-09,CHATHAM-KENT,60-69yrs,15770,0
2021-08-09,CITY OF HAMILTON,60-69yrs,72258,113
2021-08-09,CITY OF OTTAWA,60-69yrs,118913,74
2021-08-09,DURHAM REGION,60-69yrs,83972,179
2021-08-09,EASTERN ONTARIO,60-69yrs,31360,39
2021-08-09,GREY BRUCE,60-69yrs,27440,10
2021-08-09,HALDIMAND-NORFOLK,60-69yrs,18117,3
2021-08-09,HALIBURTON KAWARTHA PINE RIDGE,60-69yrs,32828,49
2021-08-09,HALTON REGION,60-69yrs,64619,217
2021-08-09,HASTINGS & PRINCE EDWARD COUNTIES,60-69yrs,26203,16
2021-08-09,HURON PERTH,60-69yrs,19835,6
2021-08-09,KINGSTON FRONTENAC LENNOX & ADDINGTON,60-69yrs,28261,26
2021-08-09,LAMBTON COUNTY,60-69yrs,20502,0
2021-08-09,LEEDS GRENVILLE AND LANARK DISTRICT,60-69yrs,28428,96
2021-08-09,MIDDLESEX-LONDON,60-69yrs,60813,95
2021-08-09,NIAGARA REGION,60-69yrs,66878,102
2021-08-09,NORTH BAY PARRY SOUND DISTRICT,60-69yrs,20502,3
2021-08-09,NORTHWESTERN,60-69yrs,11530,0
2021-08-09,PEEL REGION,60-69yrs,167934,297
2021-08-09,PETERBOROUGH COUNTY-CITY,60-69yrs,22051,11
2021-08-09,PORCUPINE,60-69yrs,12077,4
2021-08-09,RENFREW COUNTY AND DISTRICT,60-69yrs,15644,5
2021-08-09,SIMCOE MUSKOKA DISTRICT,60-69yrs,79793,143
2021-08-09,SOUTHWESTERN,60-69yrs,27383,20
2021-08-09,SUDBURY AND DISTRICT,60-69yrs,28512,2
2021-08-09,THUNDER BAY DISTRICT,60-69yrs,22248,3
2021-08-09,TIMISKAMING,60-69yrs,5410,0
2021-08-09,TORONTO,60-69yrs,327676,544
2021-08-09,WATERLOO REGION,60-69yrs,64550,83
2021-08-09,WELLINGTON-DUFFERIN-GUELPH,60-69yrs,37194,13
2021-08-09,WINDSOR-ESSEX COUNTY,60-69yrs,54082,28
2021-08-09,YORK REGION,60-69yrs,143847,257
2021-08-09,ALGOMA DISTRICT,70-79yrs,12699,0
2021-08-09,BRANT COUNTY,70-79yrs,12716,3
2021-08-09,CHATHAM-KENT,70-79yrs,10558,0
2021-08-09,CITY OF HAMILTON,70-79yrs,45295,40
2021-08-09,CITY OF OTTAWA,70-79yrs,75781,1
2021-08-09,DURHAM REGION,70-79yrs,50080,38
2021-08-09,EASTERN ONTARIO,70-79yrs,20776,14
2021-08-09,GREY BRUCE,70-79yrs,19403,1
2021-08-09,HALDIMAND-NORFOLK,70-79yrs,11809,0
2021-08-09,HALIBURTON KAWARTHA PINE RIDGE,70-79yrs,24747,16
2021-08-09,HALTON REGION,70-79yrs,43839,86
2021-08-09,HASTINGS & PRINCE EDWARD COUNTIES,70-79yrs,18608,3
2021-08-09,HURON PERTH,70-79yrs,13697,1
2021-08-09,KINGSTON FRONTENAC LENNOX & ADDINGTON,70-79yrs,19981,20
2021-08-09,LAMBTON COUNTY,70-79yrs,13758,0
2021-08-09,LEEDS GRENVILLE AND LANARK DISTRICT,70-79yrs,20048,36
2021-08-09,MIDDLESEX-LONDON,70-79yrs,40094,43
2021-08-09,NIAGARA REGION,70-79yrs,48175,67
2021-08-09,NORTH BAY PARRY SOUND DISTRICT,70-79yrs,14235,1
2021-08-09,NORTHWESTERN,70-79yrs,6718,0
2021-08-09,PEEL REGION,70-79yrs,102369,122
2021-08-09,PETERBOROUGH COUNTY-CITY,70-79yrs,15695,8
2021-08-09,PORCUPINE,70-79yrs,6754,5
2021-08-09,RENFREW COUNTY AND DISTRICT,70-79yrs,10814,1
2021-08-09,SIMCOE MUSKOKA DISTRICT,70-79yrs,54104,85
2021-08-09,SOUTHWESTERN,70-79yrs,18637,5
2021-08-09,SUDBURY AND DISTRICT,70-79yrs,18552,1
2021-08-09,THUNDER BAY DISTRICT,70-79yrs,13660,2
2021-08-09,TIMISKAMING,70-79yrs,3541,0
2021-08-09,TORONTO,70-79yrs,202795,213
2021-08-09,WATERLOO REGION,70-79yrs,40380,32
2021-08-09,WELLINGTON-DUFFERIN-GUELPH,70-79yrs,23504,7
2021-08-09,WINDSOR-ESSEX COUNTY,70-79yrs,35970,10
2021-08-09,YORK REGION,70-79yrs,90111,102
2021-08-09,ALGOMA DISTRICT,80+,7929,0
2021-08-09,BRANT COUNTY,80+,7044,0
2021-08-09,CHATHAM-KENT,80+,6269,0
2021-08-09,CITY OF HAMILTON,80+,28319,12
2021-08-09,CITY OF OTTAWA,80+,42388,8
2021-08-09,DURHAM REGION,80+,26420,19
2021-08-09,EASTERN ONTARIO,80+,11219,11
2021-08-09,GREY BRUCE,80+,11147,0
2021-08-09,HALDIMAND-NORFOLK,80+,6382,0
2021-08-09,HALIBURTON KAWARTHA PINE RIDGE,80+,14112,1
2021-08-09,HALTON REGION,80+,25542,24
2021-08-09,HASTINGS & PRINCE EDWARD COUNTIES,80+,10614,1
2021-08-09,HURON PERTH,80+,8279,2
2021-08-09,KINGSTON FRONTENAC LENNOX & ADDINGTON,80+,11314,7
2021-08-09,LAMBTON COUNTY,80+,8068,0
2021-08-09,LEEDS GRENVILLE AND LANARK DISTRICT,80+,10669,8
2021-08-09,MIDDLESEX-LONDON,80+,23219,13
2021-08-09,NIAGARA REGION,80+,29120,16
2021-08-09,NORTH BAY PARRY SOUND DISTRICT,80+,7885,0
2021-08-09,NORTHWESTERN,80+,3618,0
2021-08-09,PEEL REGION,80+,50535,46
2021-08-09,PETERBOROUGH COUNTY-CITY,80+,9476,0
2021-08-09,PORCUPINE,80+,3632,1
2021-08-09,RENFREW COUNTY AND DISTRICT,80+,6453,0
2021-08-09,SIMCOE MUSKOKA DISTRICT,80+,30142,14
2021-08-09,SOUTHWESTERN,80+,10908,3
2021-08-09,SUDBURY AND DISTRICT,80+,10028,0
2021-08-09,THUNDER BAY DISTRICT,80+,7894,0
2021-08-09,TIMISKAMING,80+,1974,0
2021-08-09,TORONTO,80+,144579,88
2021-08-09,WATERLOO REGION,80+,22488,12
2021-08-09,WELLINGTON-DUFFERIN-GUELPH,80+,12749,0
2021-08-09,WINDSOR-ESSEX COUNTY,80+,20462,3
2021-08-09,YORK REGION,80+,48390,44
2021-08-10,ALGOMA DISTRICT,12-17yrs,6504,10
2021-08-10,BRANT COUNTY,12-17yrs,10734,62
2021-08-10,CHATHAM-KENT,12-17yrs,7233,8
2021-08-10,CITY OF HAMILTON,12-17yrs,37018,316
2021-08-10,CITY OF OTTAWA,12-17yrs,66222,570
2021-08-10,DURHAM REGION,12-17yrs,51038,440
2021-08-10,EASTERN ONTARIO,12-17yrs,13423,68
2021-08-10,GREY BRUCE,12-17yrs,10179,45
2021-08-10,HALDIMAND-NORFOLK,12-17yrs,7138,128
2021-08-10,HALIBURTON KAWARTHA PINE RIDGE,12-17yrs,10093,113
2021-08-10,HALTON REGION,12-17yrs,49248,333
2021-08-10,HASTINGS & PRINCE EDWARD COUNTIES,12-17yrs,9953,101
2021-08-10,HURON PERTH,12-17yrs,9790,16
2021-08-10,KINGSTON FRONTENAC LENNOX & ADDINGTON,12-17yrs,11803,48
2021-08-10,LAMBTON COUNTY,12-17yrs,8280,136
2021-08-10,LEEDS GRENVILLE AND LANARK DISTRICT,12-17yrs,10477,206
2021-08-10,MIDDLESEX-LONDON,12-17yrs,31735,469
2021-08-10,NIAGARA REGION,12-17yrs,28353,278
2021-08-10,NORTH BAY PARRY SOUND DISTRICT,12-17yrs,7244,116
2021-08-10,NORTHWESTERN,12-17yrs,6670,38
2021-08-10,PEEL REGION,12-17yrs,118974,853
2021-08-10,PETERBOROUGH COUNTY-CITY,12-17yrs,8041,101
2021-08-10,PORCUPINE,12-17yrs,5754,20
2021-08-10,RENFREW COUNTY AND DISTRICT,12-17yrs,6329,24
2021-08-10,SIMCOE MUSKOKA DISTRICT,12-17yrs,37614,401
2021-08-10,SOUTHWESTERN,12-17yrs,15337,301
2021-08-10,SUDBURY AND DISTRICT,12-17yrs,11889,17
2021-08-10,THUNDER BAY DISTRICT,12-17yrs,9043,91
2021-08-10,TIMISKAMING,12-17yrs,1897,2
2021-08-10,TORONTO,12-17yrs,162546,960
2021-08-10,WATERLOO REGION,12-17yrs,40049,353
2021-08-10,WELLINGTON-DUFFERIN-GUELPH,12-17yrs,21168,158
2021-08-10,WINDSOR-ESSEX COUNTY,12-17yrs,29770,192
2021-08-10,YORK REGION,12-17yrs,89973,732
2021-08-10,ALGOMA DISTRICT,18-29yrs,15509,42
2021-08-10,BRANT COUNTY,18-29yrs,24059,90
2021-08-10,CHATHAM-KENT,18-29yrs,14984,8
2021-08-10,CITY OF HAMILTON,18-29yrs,100237,518
2021-08-10,CITY OF OTTAWA,18-29yrs,186587,770
2021-08-10,DURHAM REGION,18-29yrs,114063,582
2021-08-10,EASTERN ONTARIO,18-29yrs,27830,92
2021-08-10,GREY BRUCE,18-29yrs,22126,80
2021-08-10,HALDIMAND-NORFOLK,18-29yrs,15900,80
2021-08-10,HALIBURTON KAWARTHA PINE RIDGE,18-29yrs,22520,153
2021-08-10,HALTON REGION,18-29yrs,95648,558
2021-08-10,HASTINGS & PRINCE EDWARD COUNTIES,18-29yrs,22375,161
2021-08-10,HURON PERTH,18-29yrs,20393,46
2021-08-10,KINGSTON FRONTENAC LENNOX & ADDINGTON,18-29yrs,34068,91
2021-08-10,LAMBTON COUNTY,18-29yrs,18558,164
2021-08-10,LEEDS GRENVILLE AND LANARK DISTRICT,18-29yrs,21695,145
2021-08-10,MIDDLESEX-LONDON,18-29yrs,88180,620
2021-08-10,NIAGARA REGION,18-29yrs,70592,392
2021-08-10,NORTH BAY PARRY SOUND DISTRICT,18-29yrs,17552,223
2021-08-10,NORTHWESTERN,18-29yrs,13990,36
2021-08-10,PEEL REGION,18-29yrs,278974,1342
2021-08-10,PETERBOROUGH COUNTY-CITY,18-29yrs,21688,154
2021-08-10,PORCUPINE,18-29yrs,12232,38
2021-08-10,RENFREW COUNTY AND DISTRICT,18-29yrs,14861,21
2021-08-10,SIMCOE MUSKOKA DISTRICT,18-29yrs,87904,432
2021-08-10,SOUTHWESTERN,18-29yrs,30393,277
2021-08-10,SUDBURY AND DISTRICT,18-29yrs,29436,59
2021-08-10,THUNDER BAY DISTRICT,18-29yrs,22251,146
2021-08-10,TIMISKAMING,18-29yrs,4360,19
2021-08-10,TORONTO,18-29yrs,585930,1991
2021-08-10,WATERLOO REGION,18-29yrs,99244,648
2021-08-10,WELLINGTON-DUFFERIN-GUELPH,18-29yrs,50230,251
2021-08-10,WINDSOR-ESSEX COUNTY,18-29yrs,72405,318
2021-08-10,YORK REGION,18-29yrs,198762,749
2021-08-10,ALGOMA DISTRICT,30-39yrs,12062,30
2021-08-10,BRANT COUNTY,30-39yrs,19698,72
2021-08-10,CHATHAM-KENT,30-39yrs,11594,4
2021-08-10,CITY OF HAMILTON,30-39yrs,84056,389
2021-08-10,CITY OF OTTAWA,30-39yrs,158259,591
2021-08-10,DURHAM REGION,30-39yrs,93632,506
2021-08-10,EASTERN ONTARIO,30-39yrs,21920,88
2021-08-10,GREY BRUCE,30-39yrs,17931,75
2021-08-10,HALDIMAND-NORFOLK,30-39yrs,11852,64
2021-08-10,HALIBURTON KAWARTHA PINE RIDGE,30-39yrs,17429,112
2021-08-10,HALTON REGION,30-39yrs,80648,485
2021-08-10,HASTINGS & PRINCE EDWARD COUNTIES,30-39yrs,17863,113
2021-08-10,HURON PERTH,30-39yrs,14728,35
2021-08-10,KINGSTON FRONTENAC LENNOX & ADDINGTON,30-39yrs,29909,57
2021-08-10,LAMBTON COUNTY,30-39yrs,14493,144
2021-08-10,LEEDS GRENVILLE AND LANARK DISTRICT,30-39yrs,16449,102
2021-08-10,MIDDLESEX-LONDON,30-39yrs,73436,463
2021-08-10,NIAGARA REGION,30-39yrs,54175,262
2021-08-10,NORTH BAY PARRY SOUND DISTRICT,30-39yrs,14543,184
2021-08-10,NORTHWESTERN,30-39yrs,9958,30
2021-08-10,PEEL REGION,30-39yrs,235513,857
2021-08-10,PETERBOROUGH COUNTY-CITY,30-39yrs,18338,80
2021-08-10,PORCUPINE,30-39yrs,9754,16
2021-08-10,RENFREW COUNTY AND DISTRICT,30-39yrs,13489,26
2021-08-10,SIMCOE MUSKOKA DISTRICT,30-39yrs,74380,411
2021-08-10,SOUTHWESTERN,30-39yrs,24409,236
2021-08-10,SUDBURY AND DISTRICT,30-39yrs,24368,41
2021-08-10,THUNDER BAY DISTRICT,30-39yrs,18511,79
2021-08-10,TIMISKAMING,30-39yrs,3297,7
2021-08-10,TORONTO,30-39yrs,528595,1587
2021-08-10,WATERLOO REGION,30-39yrs,84990,423
2021-08-10,WELLINGTON-DUFFERIN-GUELPH,30-39yrs,42188,200
2021-08-10,WINDSOR-ESSEX COUNTY,30-39yrs,48477,209
2021-08-10,YORK REGION,30-39yrs,155115,551
2021-08-10,ALGOMA DISTRICT,40-49yrs,11665,29
2021-08-10,BRANT COUNTY,40-49yrs,18896,72
2021-08-10,CHATHAM-KENT,40-49yrs,11350,11
2021-08-10,CITY OF HAMILTON,40-49yrs,71673,331
2021-08-10,CITY OF OTTAWA,40-49yrs,134815,484
2021-08-10,DURHAM REGION,40-49yrs,93719,412
2021-08-10,EASTERN ONTARIO,40-49yrs,23559,81
2021-08-10,GREY BRUCE,40-49yrs,16555,54
2021-08-10,HALDIMAND-NORFOLK,40-49yrs,11715,64
2021-08-10,HALIBURTON KAWARTHA PINE RIDGE,40-49yrs,17924,92
2021-08-10,HALTON REGION,40-49yrs,88209,498
2021-08-10,HASTINGS & PRINCE EDWARD COUNTIES,40-49yrs,17924,101
2021-08-10,HURON PERTH,40-49yrs,14709,24
2021-08-10,KINGSTON FRONTENAC LENNOX & ADDINGTON,40-49yrs,24416,60
2021-08-10,LAMBTON COUNTY,40-49yrs,13713,100
2021-08-10,LEEDS GRENVILLE AND LANARK DISTRICT,40-49yrs,18360,76
2021-08-10,MIDDLESEX-LONDON,40-49yrs,59863,339
2021-08-10,NIAGARA REGION,40-49yrs,52093,246
2021-08-10,NORTH BAY PARRY SOUND DISTRICT,40-49yrs,13844,134
2021-08-10,NORTHWESTERN,40-49yrs,9699,27
2021-08-10,PEEL REGION,40-49yrs,220945,665
2021-08-10,PETERBOROUGH COUNTY-CITY,40-49yrs,14923,75
2021-08-10,PORCUPINE,40-49yrs,9835,40
2021-08-10,RENFREW COUNTY AND DISTRICT,40-49yrs,11851,21
2021-08-10,SIMCOE MUSKOKA DISTRICT,40-49yrs,72346,317
2021-08-10,SOUTHWESTERN,40-49yrs,25213,166
2021-08-10,SUDBURY AND DISTRICT,40-49yrs,23893,23
2021-08-10,THUNDER BAY DISTRICT,40-49yrs,17224,88
2021-08-10,TIMISKAMING,40-49yrs,3499,5
2021-08-10,TORONTO,40-49yrs,423307,1107
2021-08-10,WATERLOO REGION,40-49yrs,76587,289
2021-08-10,WELLINGTON-DUFFERIN-GUELPH,40-49yrs,38968,135
2021-08-10,WINDSOR-ESSEX COUNTY,40-49yrs,50811,228
2021-08-10,YORK REGION,40-49yrs,162480,504
2021-08-10,ALGOMA DISTRICT,50-59yrs,16446,31
2021-08-10,BRANT COUNTY,50-59yrs,21321,72
2021-08-10,CHATHAM-KENT,50-59yrs,15450,14
2021-08-10,CITY OF HAMILTON,50-59yrs,80704,315
2021-08-10,CITY OF OTTAWA,50-59yrs,139786,362
2021-08-10,DURHAM REGION,50-59yrs,104381,339
2021-08-10,EASTERN ONTARIO,50-59yrs,32885,119
2021-08-10,GREY BRUCE,50-59yrs,24279,64
2021-08-10,HALDIMAND-NORFOLK,50-59yrs,17361,48
2021-08-10,HALIBURTON KAWARTHA PINE RIDGE,50-59yrs,30845,124
2021-08-10,HALTON REGION,50-59yrs,85689,439
2021-08-10,HASTINGS & PRINCE EDWARD COUNTIES,50-59yrs,26066,152
2021-08-10,HURON PERTH,50-59yrs,19413,24
2021-08-10,KINGSTON FRONTENAC LENNOX & ADDINGTON,50-59yrs,29814,44
2021-08-10,LAMBTON COUNTY,50-59yrs,18136,108
2021-08-10,LEEDS GRENVILLE AND LANARK DISTRICT,50-59yrs,28235,105
2021-08-10,MIDDLESEX-LONDON,50-59yrs,66854,265
2021-08-10,NIAGARA REGION,50-59yrs,70296,271
2021-08-10,NORTH BAY PARRY SOUND DISTRICT,50-59yrs,20038,180
2021-08-10,NORTHWESTERN,50-59yrs,11842,17
2021-08-10,PEEL REGION,50-59yrs,217659,619
2021-08-10,PETERBOROUGH COUNTY-CITY,50-59yrs,20821,80
2021-08-10,PORCUPINE,50-59yrs,11988,28
2021-08-10,RENFREW COUNTY AND DISTRICT,50-59yrs,15489,19
2021-08-10,SIMCOE MUSKOKA DISTRICT,50-59yrs,92219,283
2021-08-10,SOUTHWESTERN,50-59yrs,29933,175
2021-08-10,SUDBURY AND DISTRICT,50-59yrs,28981,23
2021-08-10,THUNDER BAY DISTRICT,50-59yrs,20955,79
2021-08-10,TIMISKAMING,50-59yrs,4828,5
2021-08-10,TORONTO,50-59yrs,394894,971
2021-08-10,WATERLOO REGION,50-59yrs,78016,235
2021-08-10,WELLINGTON-DUFFERIN-GUELPH,50-59yrs,44023,104
2021-08-10,WINDSOR-ESSEX COUNTY,50-59yrs,60800,203
2021-08-10,YORK REGION,50-59yrs,180487,518
2021-08-10,ALGOMA DISTRICT,60-69yrs,18604,15
2021-08-10,BRANT COUNTY,60-69yrs,19812,72
2021-08-10,CHATHAM-KENT,60-69yrs,15770,12
2021-08-10,CITY OF HAMILTON,60-69yrs,72258,247
2021-08-10,CITY OF OTTAWA,60-69yrs,118913,319
2021-08-10,DURHAM REGION,60-69yrs,83972,228
2021-08-10,EASTERN ONTARIO,60-69yrs,31360,133
2021-08-10,GREY BRUCE,60-69yrs,27440,48
2021-08-10,HALDIMAND-NORFOLK,60-69yrs,18117,28
2021-08-10,HALIBURTON KAWARTHA PINE RIDGE,60-69yrs,32828,173
2021-08-10,HALTON REGION,60-69yrs,64619,266
2021-08-10,HASTINGS & PRINCE EDWARD COUNTIES,60-69yrs,26203,341
2021-08-10,HURON PERTH,60-69yrs,19835,20
2021-08-10,KINGSTON FRONTENAC LENNOX & ADDINGTON,60-69yrs,28261,669
2021-08-10,LAMBTON COUNTY,60-69yrs,20502,83
2021-08-10,LEEDS GRENVILLE AND LANARK DISTRICT,60-69yrs,28428,308
2021-08-10,MIDDLESEX-LONDON,60-69yrs,60813,212
2021-08-10,NIAGARA REGION,60-69yrs,66878,214
2021-08-10,NORTH BAY PARRY SOUND DISTRICT,60-69yrs,20502,134
2021-08-10,NORTHWESTERN,60-69yrs,11530,16
2021-08-10,PEEL REGION,60-69yrs,167934,442
2021-08-10,PETERBOROUGH COUNTY-CITY,60-69yrs,22051,84
2021-08-10,PORCUPINE,60-69yrs,12077,14
2021-08-10,RENFREW COUNTY AND DISTRICT,60-69yrs,15644,21
2021-08-10,SIMCOE MUSKOKA DISTRICT,60-69yrs,79793,219
2021-08-10,SOUTHWESTERN,60-69yrs,27383,106
2021-08-10,SUDBURY AND DISTRICT,60-69yrs,28512,16
2021-08-10,THUNDER BAY DISTRICT,60-69yrs,22248,72
2021-08-10,TIMISKAMING,60-69yrs,5410,13
2021-08-10,TORONTO,60-69yrs,327676,803
2021-08-10,WATERLOO REGION,60-69yrs,64550,210
2021-08-10,WELLINGTON-DUFFERIN-GUELPH,60-69yrs,37194,49
2021-08-10,WINDSOR-ESSEX COUNTY,60-69yrs,54082,117
2021-08-10,YORK REGION,60-69yrs,143847,359
2021-08-10,ALGOMA DISTRICT,70-79yrs,12699,2
2021-08-10,BRANT COUNTY,70-79yrs,12716,22
2021-08-10,CHATHAM-KENT,70-79yrs,10558,10
2021-08-10,CITY OF HAMILTON,70-79yrs,45295,78
2021-08-10,CITY OF OTTAWA,70-79yrs,75781,104
2021-08-10,DURHAM REGION,70-79yrs,50080,81
2021-08-10,EASTERN ONTARIO,70-79yrs,20776,45
2021-08-10,GREY BRUCE,70-79yrs,19403,18
2021-08-10,HALDIMAND-NORFOLK,70-79yrs,11809,7
2021-08-10,HALIBURTON KAWARTHA PINE RIDGE,70-79yrs,24747,44
2021-08-10,HALTON REGION,70-79yrs,43839,96
2021-08-10,HASTINGS & PRINCE EDWARD COUNTIES,70-79yrs,18608,84
2021-08-10,HURON PERTH,70-79yrs,13697,7
2021-08-10,KINGSTON FRONTENAC LENNOX & ADDINGTON,70-79yrs,19981,84
2021-08-10,LAMBTON COUNTY,70-79yrs,13758,24
2021-08-10,LEEDS GRENVILLE AND LANARK DISTRICT,70-79yrs,20048,82
2021-08-10,MIDDLESEX-LONDON,70-79yrs,40094,100
2021-08-10,NIAGARA REGION,70-79yrs,48175,106
2021-08-10,NORTH BAY PARRY SOUND DISTRICT,70-79yrs,14235,30
2021-08-10,NORTHWESTERN,70-79yrs,6718,9
2021-08-10,PEEL REGION,70-79yrs,102369,153
2021-08-10,PETERBOROUGH COUNTY-CITY,70-79yrs,15695,27
2021-08-10,PORCUPINE,70-79yrs,6754,4
2021-08-10,RENFREW COUNTY AND DISTRICT,70-79yrs,10814,6
2021-08-10,SIMCOE MUSKOKA DISTRICT,70-79yrs,54104,117
2021-08-10,SOUTHWESTERN,70-79yrs,18637,61
2021-08-10,SUDBURY AND DISTRICT,70-79yrs,18552,8
2021-08-10,THUNDER BAY DISTRICT,70-79yrs,13660,35
2021-08-10,TIMISKAMING,70-79yrs,3541,4
2021-08-10,TORONTO,70-79yrs,202795,341
2021-08-10,WATERLOO REGION,70-79yrs,40380,76
2021-08-10,WELLINGTON-DUFFERIN-GUELPH,70-79yrs,23504,25
2021-08-10,WINDSOR-ESSEX COUNTY,70-79yrs,35970,65
2021-08-10,YORK REGION,70-79yrs,90111,152
2021-08-10,ALGOMA DISTRICT,80+,7929,3
2021-08-10,BRANT COUNTY,80+,7044,7
2021-08-10,CHATHAM-KENT,80+,6269,4
2021-08-10,CITY OF HAMILTON,80+,28319,35
2021-08-10,CITY OF OTTAWA,80+,42388,29
2021-08-10,DURHAM REGION,80+,26420,25
2021-08-10,EASTERN ONTARIO,80+,11219,12
2021-08-10,GREY BRUCE,80+,11147,4
2021-08-10,HALDIMAND-NORFOLK,80+,6382,0
2021-08-10,HALIBURTON KAWARTHA PINE RIDGE,80+,14112,11
2021-08-10,HALTON REGION,80+,25542,17
2021-08-10,HASTINGS & PRINCE EDWARD COUNTIES,80+,10614,24
2021-08-10,HURON PERTH,80+,8279,2
2021-08-10,KINGSTON FRONTENAC LENNOX & ADDINGTON,80+,11314,10
2021-08-10,LAMBTON COUNTY,80+,8068,0
2021-08-10,LEEDS GRENVILLE AND LANARK DISTRICT,80+,10669,8
2021-08-10,MIDDLESEX-LONDON,80+,23219,12
2021-08-10,NIAGARA REGION,80+,29120,26
2021-08-10,NORTH BAY PARRY SOUND DISTRICT,80+,7885,69
2021-08-10,NORTHWESTERN,80+,3618,3
2021-08-10,PEEL REGION,80+,50535,49
2021-08-10,PETERBOROUGH COUNTY-CITY,80+,9476,10
2021-08-10,PORCUPINE,80+,3632,1
2021-08-10,RENFREW COUNTY AND DISTRICT,80+,6453,1
2021-08-10,SIMCOE MUSKOKA DISTRICT,80+,30142,123
2021-08-10,SOUTHWESTERN,80+,10908,18
2021-08-10,SUDBURY AND DISTRICT,80+,10028,2
2021-08-10,THUNDER BAY DISTRICT,80+,7894,17
2021-08-10,TIMISKAMING,80+,1974,0
2021-08-10,TORONTO,80+,144579,205
2021-08-10,WATERLOO REGION,80+,22488,34
2021-08-10,WELLINGTON-DUFFERIN-GUELPH,80+,12749,9
2021-08-10,WINDSOR-ESSEX COUNTY,80+,20462,21
2021-08-10,YORK REGION,80+,48390,55
